revenue,profit_margin,debt_ratio,cash_flow,credit_score,collateral_value,gst_growth,loan_status
380.7947176588889,-0.0074335355806901815,0.4663879572302684,118.17574855222449,643.1975269701556,196.81776013872104,0.25377986785447537,1
951.207163345817,0.17095047368917907,0.44577031870079975,149.17034929784307,783.2593975799919,236.71782968751072,-0.07932954652638366,0
734.6740023932911,0.3364729179382041,1.3687564127294514,12.616974698124743,756.0965578740954,427.27369660109014,0.4106761943483704,1
602.6718993550662,0.26611244320478056,0.4493646797893085,106.21852490174973,392.3399428162642,170.00219302994606,0.229181367348469,1
164.45845403801215,0.30328057393072483,0.4807296165800834,92.93649578593718,389.54968184488433,434.8248424060857,-0.08995728151013205,1
164.43457513284062,0.22939168335535867,1.1631575673851493,158.20759419706778,460.904620646948,44.067215488345745,0.47363664023684476,2
67.50277604651747,0.24613828225892623,0.729635779430756,176.52176512031514,516.6448358046223,388.39921860431537,0.1628558243347244,1
867.5143843171858,0.3245978257826596,1.1873947797372537,-46.9608071306533,545.0733488450895,423.7738165273682,-0.14897108368984152,2
605.1038616257767,0.024834004429592965,0.19151262059013935,118.50497976469816,707.8183301000072,90.90882641866938,0.238783033090547,1
710.9918520180851,0.14471248182157023,0.782599671142738,-37.041050220067746,334.0082592995012,215.17326618610022,-0.022760765091032864,2
30.378649352844423,0.010604720909801107,0.1470590402565957,87.21466626933898,320.8036225356398,82.74988733182781,0.3625854163141116,2
970.2107536403744,0.39383400399832347,0.18771448483749634,21.908182260919546,535.1463377663454,353.30206449710886,0.3724754514963334,1
834.1182143924175,0.37202966984330665,1.3690124346821753,26.694149880535306,718.2982152827883,267.6738840308284,0.48526314909826324,1
220.2157195714934,-0.08028659431574706,0.2949435195646332,38.239625863089145,416.0612057738895,317.6616733541605,0.15130867171715257,2
190.00671753502962,0.25278758625784425,0.8453889551853039,105.32311226240253,684.902688753751,98.24348347810557,0.11846981580941596,1
191.5704647548995,0.36262415870783293,0.6755338436409891,33.51249141719231,455.8968827641797,105.87293102620976,0.32743292381253636,2
311.1998205299424,-0.00971232743633324,0.5862806567623797,133.1747626475701,831.6516652881098,20.748662754953184,-0.10727054056065143,1
529.5088673159155,0.18397261527631473,1.3597666839621814,51.13184639346743,837.4139665599699,161.03376759786485,0.18284085965518693,0
437.62556845569463,0.35774414879402094,0.1305527554856853,-32.911699922510344,478.3723225687959,279.87233066683746,0.18237332009159563,1
298.3168487960615,-0.08302701070710058,1.0293055606458248,145.9399606210268,437.9962523779443,428.9674569986644,-0.13736881403272896,2
615.7343657751557,0.24871013362341995,1.4487522078989705,21.4395811481765,546.7823832397387,333.46372372934036,0.09258885985483944,2
148.09892204552142,0.04867450368627538,0.8842354568465787,58.19171989981565,444.3189511080892,217.69816169987573,0.39729935899704133,2
299.22320204986596,0.36219809768826516,1.4115514468463286,121.36097080547538,703.4303059750222,476.5600571970689,0.3993075353962621,1
372.6982248607548,0.3855291225826839,0.17316103100043329,33.114039287178,795.6388107289713,359.62260028791593,-0.1305336345562233,0
461.50928437486556,0.3721332445567169,0.6863106467038259,-35.853585963321095,703.8552785467302,465.082601431275,-0.1364953820765184,1
787.3242017790834,0.13710710832873188,0.4642209073468716,43.48026175320339,794.6102683496097,263.7939866360828,-0.016113166098645326,0
207.67704433677613,0.3310213254946567,1.1231493509730217,186.11214567357587,538.1952973244845,129.4521373965698,0.4123362437877954,2
519.0920940294754,0.32227469926753516,1.4738159266961453,110.43359932463954,393.7901824253165,26.413343182360993,-0.10976819044855075,2
596.4904231734221,0.05955023662162781,0.45914208742194695,117.86978716680173,742.7705684385553,363.04242574192523,0.3039977618392123,1
55.98590859279775,0.31445773707533864,1.0158444420637043,108.07053840940995,516.2847030849323,60.65149900276706,-0.12918406627082776,2
611.4694033824239,-0.0814961826422537,0.3773366858636361,-0.2519652601407998,702.7624951374795,151.38756413598358,0.23619649762347772,1
178.8188824504186,0.19813493924102651,0.8914623564002538,54.58346602557003,462.3863651890594,266.2354539419487,0.04924710938340135,2
74.40107705542673,0.01500441864385152,0.7495054813636706,137.73494959082956,348.7377808840036,282.20829388987386,0.3522397740761069,2
949.3966818807999,-0.0397165571113606,1.460807461484152,-24.656775611710213,895.549077292658,300.291598493568,-0.0364166858222455,2
965.9757127438138,-0.06152339918539543,0.9519381817750531,19.46319402242807,393.72090475835955,83.12766517485032,0.24744128057297182,2
810.3133746352966,0.24814438793906987,0.5893089209215463,19.079777116463404,893.0525963780887,189.86870241082437,-0.03502222579688055,0
311.56763148163697,0.06993748188403306,0.2597340988431067,58.0047318986265,886.3679595398684,308.59711355848333,0.2995621981785076,0
106.69539286632003,0.2623833857643807,0.31174556022890837,195.09218523554625,776.2908623448238,484.9094323168924,0.41157462419252405,0
687.3906962470353,-0.06732182960052882,0.4154437019317291,-33.12436332904451,695.6537772491986,363.81556884984434,-0.11123874061126798,2
445.7509688022053,0.05764516891530516,0.4513533258764172,79.67524859514876,646.6842301506508,461.3018785469789,0.4066169820168524,1
130.81785249633106,0.1697456461876686,1.290862480977593,-5.158829496947384,819.6609272267008,381.1060291570885,0.2155026780900085,1
500.2251410101575,0.29536158241948174,0.8857119035955349,192.66913635243603,473.6637129716928,295.85848444620024,-0.11102265639308323,2
44.04463590406621,0.05937625146603495,0.8327472759241129,-21.67412381813395,580.6087274909262,96.01168456817227,0.09927929875179836,2
910.2271980579942,0.21294568821850454,0.26067642061690444,50.90025059039782,671.6339816199011,333.34282594625654,-0.0873977945604315,0
266.1921817840167,0.34298887411809353,1.304195570689209,134.47124620865154,546.7142855216946,311.6897829799535,0.2902435222065986,2
665.8970615104422,0.20793159409115228,1.1119400244918773,126.13860700686132,556.4918724541608,301.23458522863325,0.33120769409256473,2
318.59396532851684,0.016479737376816878,0.19473570666000223,55.68215922348307,498.17080050125065,244.89293399412037,-0.12594243580904074,2
524.8673409660327,-0.087799609221731,1.090969136121676,36.63104198817956,638.5390900107216,264.3283019946378,0.154297896886251,2
551.2431765498469,0.33504943695046496,0.8609535042797044,49.40309463821764,810.3447168090696,167.22126355905203,0.370237539218142,1
193.00591097027177,-0.08936529457480644,0.21441548404548955,16.069065789659817,420.91702680378773,259.6563463211516,0.4553141290856975,2
969.888781486913,0.3373508363420997,0.741620898140119,1.333234676699952,860.6598232520648,98.77795283923912,0.159462506719239,0
777.3814951275034,0.164468567013606,0.7785748019820657,70.7599243897225,713.4525922489378,402.5871986801884,0.46519545652798483,0
940.1039521485473,0.36953384925644805,0.332084356228586,17.133439016901832,793.9639276080181,92.8884773493539,0.17498227931922083,0
895.8790769233724,0.29939161788683266,1.4239774058003953,21.865416224312526,633.714415578007,42.48314494473321,0.07593334621993553,1
601.9209790229743,0.39896705526666876,1.2899655200729268,114.18901586863927,767.7100208544381,218.12301317857867,0.39374218998702676,0
922.6554926728857,0.07535590772585507,1.0366312722607516,192.13433292497305,309.72023840368036,329.15371975303094,0.1450878973206623,2
97.6075770314003,0.2835941444655634,0.74721378540085,100.90930013984377,791.0282548677211,218.8584124667707,0.13033175739516611,0
204.02303379495373,0.10096545680462107,0.6764717582183118,-30.755133233758432,324.0833154512199,138.3770659756543,0.14321874258687978,2
54.775016021432684,0.13993781015195442,1.0113628540113357,-31.104096536483254,833.9480258177175,279.08559194522036,0.39274950130882175,1
332.0770274556317,0.21375273160918504,0.8636046171696676,187.8558052113915,895.177648343186,173.50116770609998,0.3823590791816364,0
394.7905167925872,0.33683855709316934,0.18718234823463986,24.322697576833406,476.44047730606667,466.43384506331654,0.0824639947081478,1
278.63554145615694,0.39204173459964753,0.8175037082784643,-26.98325347938114,426.1911337714762,461.322569801786,0.03330990190936747,2
830.45013406041,0.2841367069322591,1.2289650641259753,99.76114678759538,759.2180183148243,251.18590998604773,0.14434961682739045,0
363.1857934266534,0.10888339108366688,0.7429358286357413,105.91219457256653,451.8158045521519,163.94199700912927,0.20094075681597628,2
288.1251645905069,0.11067850113853508,0.17273920857597577,112.12620502967204,819.3374299033221,368.56620697831954,-0.033163952560402166,0
547.269122326666,0.2687911507944457,1.2007894791376463,16.850506964385332,361.70555529448603,18.35647174153332,0.3557685593009134,2
149.51498272501502,0.019388572884151162,0.3819092949903641,-46.22232894638124,375.57311782761496,237.38450302182562,0.14053793601269599,2
804.1750109464992,-0.04476294343430268,0.4620691688432542,191.25384236361796,887.4909330603693,168.16169713516678,0.03383188389397168,1
83.80513724297312,0.07731107882038826,0.33058889480521425,12.723261422775622,704.3033389620027,460.2679425512773,-0.1252253049252066,0
987.0180672345122,0.04361949582704086,0.5623010908200965,119.00657201313686,808.1323346573718,6.001513636341271,-0.032808387717475185,1
774.5223216036909,0.04815406022799504,1.1594521079640892,126.65746746967739,494.59762641091083,276.40743785917454,0.46449682022918853,2
206.72852471883067,0.016803875524954964,0.8271402033055122,102.50185426987142,705.8902497123627,370.331790533313,0.013569780773668605,2
15.466895952366375,-0.07895340518181906,0.38683378381099753,28.226848553412054,656.5450963851583,242.50899376202062,-0.0817984974430753,1
817.3068141702859,-0.0910630326332931,1.3289621094128572,17.774063441016438,661.8900720737681,42.70151508136083,0.12247095415849518,2
709.788770409141,0.39386119486801574,1.331414596932141,99.41707067567577,709.5194757226329,486.2306950139511,0.01496142035217407,1
731.7170963605774,0.11388656686793117,1.3188097950644098,166.52390840292287,645.2155038774591,259.00521568804896,-0.1753885248101641,1
773.5576432190862,0.09216332357984083,0.43431469593415495,186.6834322308489,557.4374215815996,307.0931221595057,0.026201652095592054,2
83.30420521674945,0.23982364134653492,0.7317350818533833,-23.523548899060593,465.5536166283281,118.30489135375366,0.18087603675762798,2
364.8810712588299,0.009126943932532078,1.4789855185972252,-11.292846850570037,761.1487985479212,241.7490425534019,0.1861986604139768,2
124.71036892987841,0.3749805919751127,1.1808174668339866,186.1840646957699,435.7634580019117,214.57474597916092,0.04959124482382207,2
864.4723916168376,0.293172507207776,0.13803438971578375,134.13380708369814,715.4125836926485,37.44792100099187,0.11311192937682041,0
627.0651455592823,-0.05529449884387025,0.19128642776468888,170.74845620744327,439.99969358959595,53.08017677373361,0.4758625427643364,2
337.5890446041227,0.10879038789246417,0.7495039275372658,0.6581585338357883,675.1981019726724,418.73625980938726,0.0641439340612181,1
72.9227667831634,0.33955915378108237,1.3729082882061843,96.89646777735047,748.2469602774174,119.90997610329512,-0.019241230718011926,1
317.8724984985056,0.3723660111457051,0.8541825171337999,125.28489860436841,431.2283333439235,97.47913574931528,-0.029573069153267934,2
331.9314888064796,0.13370075562493486,0.7969375112480063,120.02797136174317,335.96598051678495,252.45572562506962,0.12043522889289388,2
732.3101165546834,0.20670569460535385,0.2476631799392828,52.03792271667453,378.58424579650443,384.3735656812565,0.3316641041018608,1
641.181896641661,-0.016483026953962393,1.0194921466140117,-46.15127707717288,663.5981803626153,30.97325928949396,-0.05580827106806879,2
888.3406151505633,0.3955843130684883,1.2509444248403156,95.73151420106578,809.6678437354412,288.4039598191279,0.2965072889985376,0
477.4927759103298,0.015835850691721692,0.6325880105105872,13.275384794902187,326.9980927412546,59.60522142028668,-0.1851951236554086,2
128.3983034789187,0.3713658870675628,1.1858565912954584,62.563561535722584,740.4907554249878,18.23052541280923,0.09325308458876219,1
716.1123393507651,0.22482332449618422,1.4502673154611363,189.39525377095433,504.7911875700313,26.371976081108695,0.3431055456419508,2
763.1771981307285,0.20386839743942956,0.38527304277876473,49.75882941060868,587.1170219517135,417.0820541042207,0.03711306904210196,1
565.6644255938013,0.1563442555082543,0.8326614836726377,159.95040166610667,857.3157299073393,58.986241814030784,0.19461597101177958,0
773.2575081550153,0.015334905858879339,0.5019931413184058,-2.8648485626872144,499.18290284150726,22.575682206145974,-0.05651453702186246,2
498.85764040074685,-0.011735983997245875,1.2099961866473752,118.11512450625722,579.2021603636916,218.94994357145615,0.3193967737883206,2
527.5055010881741,0.010243104535087671,0.9086307122336205,194.25173860973587,308.20944885640864,421.9967359710124,-0.16340462771186828,2
433.26560817496414,-0.006780868927872746,0.9884153845704252,-24.5267247817658,348.95923200290304,131.20418824465096,0.39677985141285016,2
35.164935476654236,0.2897922367833766,1.2170798234622517,-47.920014443202,455.15495468087045,210.85630876295818,-0.061262529504832325,2
116.81251272337141,0.07506262958336504,0.6543586617274367,58.39569815815359,316.7113444926446,19.961266281875613,0.4120786221958315,2
41.11489382986691,-0.07107866171830182,1.3811260957698606,-26.8436292371582,678.8251956289506,224.53925706743794,0.0467704689103621,2
640.0463071511426,0.38455131507040563,0.8462404141445958,137.09608741905785,555.8390140809736,288.8065403185668,0.3058785021321406,2
321.2124212655634,0.34189294248171287,0.3211367519694872,178.63716596213973,628.8871216368132,285.4535268760724,0.023457708450331904,0
513.4849842530557,0.3638761415976065,1.0742587654363234,58.50524317718971,404.7883115377977,166.21334608718257,0.4341381698642532,2
908.490809186832,0.3974539113232176,1.2105658906135561,14.677910538860246,477.5592176619697,157.76659033156776,-0.11135401213713797,2
256.7993068573862,-0.01305237539025636,0.5434663478945373,58.60082975165244,698.294684911635,53.31180946829895,-0.07503614750918093,1
416.2790938052734,0.09812100945132937,1.3000509597982541,130.86195446250025,879.1816341782398,183.3991603231342,0.14512108761116155,1
757.9956271576182,0.2791192378520456,1.368600556672073,-47.73645960490725,330.2500641613255,49.747334436482326,-0.14264309267329772,2
236.51018383670623,0.2480103090268961,0.4876662823289325,97.3634973711743,834.2305925131596,383.2979723560258,-0.06281387070876668,0
86.21011073050506,-0.023052046830072476,1.4769300618013108,103.32292122184475,646.1287207867251,483.13714887409293,0.46063646754841,2
296.85393838463034,0.30791656249530885,0.29699613926826174,109.42206172398389,638.3517400533742,485.0372283333534,0.483542762803521,0
169.60907438146438,0.012220285918330326,0.3828219357634859,10.505519995219302,600.1671211246562,432.5355496876969,0.0633815305312953,1
930.4006758191473,0.011908807411311534,0.35791477493323653,128.5131808445317,341.63645154251003,300.39607466980954,0.44630021470975495,2
810.0391757687728,0.16848721144670678,1.3515855940110186,-27.1521284170559,353.9261110416964,350.43284862193997,0.18137727297140216,2
637.0697189453192,0.19646996742085157,1.0160095732549466,-0.18241588329979663,660.5472033954517,142.60290134020704,-0.011180273888363096,1
872.7459842858406,0.19004310391890558,0.31294599651118205,169.3675116636205,504.57514286133494,315.38521008631034,0.291679104756419,1
805.6353561301233,-0.05425658130112257,0.7164527857156885,134.6807876816416,850.3608399466084,227.82477471993872,0.2612312646024,1
194.70435829717547,0.3387304313151902,0.9614172350977228,-46.563611497163684,543.9543224156834,241.00866988846624,0.4923877233761133,2
893.633408505078,0.03280002129435303,0.2168497189851366,12.094065092450052,385.96887522158465,378.88828018757897,-0.014466898813501716,2
543.9488194964943,-0.03524253935859792,1.3353829157702741,3.6016207482911398,728.8313001012216,140.95917779862583,0.2704416518632147,2
809.3657536124219,0.34437403993448856,1.2250449496181492,17.70158200924314,476.0120528646059,159.01980584725993,-0.16358337147938717,2
897.1303869242583,0.37782574911487665,0.8072894830072934,11.889942569971602,615.2821844135359,462.32089556431833,-0.12044777291229643,1
324.8234402221452,0.33106380863272533,1.4539772613628386,-34.36842606428856,718.699671303102,28.11214742548612,-0.19725713753423474,1
118.95140528239999,0.304758037362439,0.6848653709851396,64.73512914920508,840.1584667212422,242.8171492066702,0.4996224767417711,0
235.65581091652226,0.22762099031951086,1.477754446651097,133.1833686965413,775.3147168810057,456.4004002039309,0.3615915880032344,0
432.83671073999375,0.17542868530456965,1.0350879983250778,101.68293117935912,705.8166407236345,305.1815039090785,0.3507061103134785,1
819.8346182632682,-0.056506620044294936,0.988539782555518,118.21791714951993,707.7799094370862,273.20353710606605,0.15680825270172577,2
862.12327742378,0.10422660653534935,0.332336853414099,-29.712705365940213,867.554786419252,124.8720896146776,0.010046958033807923,0
16.882609225878795,0.08634425850615698,1.3346988616265016,187.8726775441968,477.49445849792164,171.63774453222413,-0.09411500087612687,2
515.6398295517901,0.029876891880163098,0.6984855630888611,159.62295846075622,300.6672565177124,426.02420790234646,-0.0007276828074754549,2
423.2368931172912,0.2617100568442925,0.3271267680954711,151.27257962391568,463.1727356389192,279.6090658842291,0.06317985535039733,1
229.88673236602295,0.1479378675393854,0.11765052796606267,155.74595126044187,430.73482777604636,257.37109687838995,0.3294170678862058,1
128.66671366034598,-0.05947689204617604,0.8836579570937355,183.17762703319033,697.100751068399,49.78985677001446,0.17776325223220668,2
344.23901968959166,0.010091600974905662,0.8383594709717468,86.06349152842444,680.2269598593175,8.01407822756156,-0.14576146141116214,2
943.480606873394,0.24162938182979796,1.107095071316822,0.0705044669064705,656.0768296228343,481.8425943435246,-0.18737969372876145,1
329.9709027005477,-0.06193457025484991,1.346361274224923,104.1959019631353,309.7460659256722,188.49308364342082,-0.1283674743261558,2
523.6027155259325,0.3256034570243843,0.21116921850024134,135.72037341698476,737.2668326703886,301.60653104975216,0.0873490995881655,0
705.9887693062261,0.14757326350698716,1.1240950864765074,134.47934833850636,494.11824749129494,39.85753659364249,0.4532350419343128,2
369.99330635550103,0.140293288663324,0.36237672173661506,80.36225604172003,699.0335934039787,341.5571428615233,0.24618173684645506,0
972.0642618937511,0.1962038923297588,1.3014478744200295,-32.88532016660548,633.947057101292,466.28335435298044,0.3612781299128605,1
962.8228219926901,0.31234048296257455,1.2466889194063187,42.77823460753196,505.6385552567443,287.8326264987098,0.12646221615318393,2
259.2644728671105,0.07390460395109652,0.8571112569797621,180.19165211583933,380.7457602624646,63.057661187705285,0.05316625823652993,2
502.2760208334616,0.23900807627953177,1.094339918072636,96.1122274393565,356.65133859628855,290.86076373673836,-0.1241197390983641,2
307.86952671860195,0.18286598199789553,0.5400901584572477,84.58298581392836,798.9109998673341,383.1736065523262,0.41315311553034345,0
291.9920894336929,0.033514135084710656,0.7596350585059404,17.213378595548377,851.0385252489348,203.20826828700933,0.34821202031953197,1
46.51807788098747,0.33931499317757896,1.2502916567946603,42.11222997914473,689.8728280585797,439.9188739707339,-0.08231733168159244,1
613.4686906400979,0.298713010803464,0.7429712760424994,173.83652228829231,362.06046891629,324.3414766786822,0.1585823947133823,1
507.6522329965729,0.22922591732921274,0.6009175714556184,116.61576188170892,541.2163301329444,449.62445914460125,0.14116236554487138,1
60.96396373748946,0.325290864547121,0.7918974261504198,146.84675668808322,737.3635200630943,311.7526556236686,0.23756408688056996,0
285.8599995942453,0.3336471004799012,1.2595489534121058,63.58635576691378,767.8925304060408,65.64398600241212,0.4623308257938828,0
909.1832271069871,0.2541814883575174,0.5692912663192218,107.56180486403949,370.93117337465316,154.84585555259457,0.2058400092337357,1
247.1662717603027,0.31850666418183604,0.34326623039004134,12.095902185801883,300.01843130722943,100.89747412622846,0.17815208674503297,1
153.44592337031085,0.24873573083464182,1.096819628463093,126.36520757087158,727.282227528363,454.41324885843113,-0.16477394694573524,1
494.5582326747874,0.2400703858801502,1.2563694977913145,56.90033342583433,513.9577055917234,380.20003364374134,-0.15596476678738325,2
985.7939495694947,0.20930568910759215,0.24089246993294666,60.63637870368639,452.68879897095616,338.19918445500304,-0.0688572460712478,1
249.6347187963854,0.27635831977882064,0.4358237578583226,112.33058114422042,307.7384818737153,150.48315981581084,-0.17727045981577622,1
675.4141919318198,-0.020697447353463155,0.29876078566539144,184.07015536723168,624.1796440568999,92.02238602510675,0.3203470268990087,1
764.0034191754304,0.34043537959946424,0.5871179762150333,-33.99841334784477,810.6904412555891,378.2255439944559,0.3063312127957742,0
245.26116855247568,0.33592176387261596,0.7304913704675776,156.1858093367519,874.5789877635527,237.07897293953982,-0.10476063589784995,0
730.934185125741,-0.08537635848272043,1.148356871748629,23.095777603048276,639.4469703679736,112.89477607531457,0.3852552305566966,2
374.1053013920607,0.31290837528238136,1.0116066188343438,60.97986362659445,608.6767966439365,308.31098908263755,-0.09164977560772164,1
635.9827722876437,-0.035565066263277406,0.9692999944698035,-44.52166780624776,351.03383129354467,20.166926069225987,0.010822910898151128,2
637.1944136532858,0.06755942712957094,0.5933249252535161,25.261519458578263,629.3236809255599,163.08512706412677,-0.025716170587044507,1
540.4169372340109,0.2717541281458039,1.2780265743186638,75.65781065753262,527.9874473792368,234.27849729556732,0.060614969001133445,2
99.38687235386422,-0.019620051975845904,0.7598020343574303,-35.955980663140245,664.2811685301461,73.97916705470293,-0.02173536387702671,2
836.9494706333456,0.3089835120595311,1.4707469132212163,72.77393234579128,533.235808725928,492.32723879541976,0.14226564850691642,2
327.5722643220185,0.3160670889788709,0.9877989936140315,181.77765721460682,444.17947407022007,104.54868229480712,0.08518551694827975,2
194.6533252958557,0.1537338668804181,0.2767706381903038,-23.651695473048694,356.9791651370259,65.17656502163277,0.49059864354552857,1
50.367390139216276,-0.09680706414158322,1.0466485869056075,141.1101820188761,488.95106675333744,101.7674369434482,-0.16085155491024206,2
594.9840137563594,0.043519066587456384,0.5551456216043785,52.41776334399816,357.9869005726514,384.5305665798621,-0.10047303652885388,2
680.7887182238596,0.2084634591878711,1.0608580753605363,113.79342863108451,406.13817049439035,212.75282963592142,-0.16302187426397827,2
26.42195063857759,0.3905930890137117,0.19749760742736805,15.059149496307342,892.4016951477275,282.70796987626903,0.238088836487663,0
516.9721277162882,0.21590676350833418,0.3448340120463431,-10.126934364660428,566.4621341439712,10.504578493180372,-0.1618435058103963,1
234.23081744595856,0.02990179053207989,1.2980321624681008,-9.88434643219339,619.1230599030099,17.215654286657276,0.3855078161632863,2
648.7210625053553,0.21700285154980567,0.41805137983292084,-32.37701358921384,824.1711172423292,222.9127749135081,0.15835704147734941,0
182.62276471494152,0.16999268985792773,1.271857575340116,-3.5883237746892434,897.3413402944127,408.32762160081177,0.16890533720707357,1
694.0283607214413,0.28992269757557176,0.4909865238361746,116.05484624724207,649.6286696068089,442.61943935378264,0.19311615539853594,0
392.86799283753203,-0.0465096805865208,1.0000346740821906,170.422652960877,787.484292626503,43.35328379782011,-0.08043040558565251,1
937.3626888493671,0.28051395125101397,1.0718108029137634,153.53142139779047,496.16461460200514,269.1815510505114,-0.06161678781985874,2
146.1457347045333,0.17063328933805513,0.8177166544030741,121.28357746862102,483.44637446837464,456.61484313963524,0.023172126011103245,2
347.65568753975595,0.3814960019294973,0.5274349473754237,-22.392034147224333,541.6222325967361,193.9863771989432,0.21544749107529598,2
122.33878602818318,0.07093608301934304,0.39770212691953455,22.296861573987456,703.5043576041894,414.7829157141843,-0.052917556841849844,0
925.4466820957772,0.21631094656697405,0.14646509638739671,27.45171883061724,709.3150135530593,66.8478271997181,-0.11856779100671716,0
878.5659598471713,0.36601405275500876,0.5255249617370134,12.48923659940531,489.1436607896705,467.69724483389933,0.47908182049290243,2
265.362211438004,-0.04874513600466038,1.0144279067437962,78.75141492743077,379.9259544819772,375.71165876565135,-0.18461272963326397,2
663.3842055738372,0.3686142436182256,1.4136267458278757,83.88845371991815,679.4377538793051,470.66719639345087,0.3618881837352151,1
819.0499781992037,0.24394286115040667,1.3196862751682727,39.22149379277755,376.9955173132587,338.30861677625325,0.3516246047025154,2
559.6488034834678,-0.06608147044741405,1.1724906871494236,38.44728968410901,647.095504937598,181.7019659997135,0.008049879691567174,2
534.3540725724464,0.05048178347340812,1.2038262805546183,157.13889947652035,716.0532768337854,469.0905862623612,-0.10506136879488064,1
249.43376799144716,0.2540860443226408,1.0309788648663933,147.3232120799214,720.366897836671,137.78338815458923,-0.09805994730620363,1
102.17174012784022,-0.06632469926561416,0.4644016005924042,26.948957920186416,752.0832663957581,166.08626103086627,0.2882021320660347,1
898.2436003737935,0.19108523008813663,1.3700730429881618,178.44711096831483,823.7156529393988,350.40420900087014,0.24996461376032153,0
901.4138765916972,0.07294152847647836,1.0390252366681676,188.2037542506265,599.975395178873,382.65814976269314,0.3479219719759707,2
636.7704427005352,0.21045775888373855,0.8846168833726159,31.685635507510213,738.1495137177427,464.70174192457694,0.45623682067937327,1
345.63949313821365,-0.07712898309374358,0.2553852568988735,38.60623719826371,671.503641219502,102.40120452810476,0.28434915428661434,1
355.7174788665343,0.33576840307618816,0.7258777613289955,76.40853835548971,411.98396387860953,398.999017609612,-0.09090392441398959,1
728.6961220815369,0.3867444845886985,0.7445015796826967,185.28020313341838,315.4137869216449,369.2730266984817,-0.02959016826421254,1
898.1391573530514,0.3844389276428457,1.310389053331738,169.07985828557787,470.72483140616026,31.897278126798934,0.38953561161118017,2
888.2155600224661,0.2748259158714623,0.8653075082629038,-24.35800935410255,565.8202238025717,193.61157060510348,-0.05348574691605401,2
782.0767903990476,-0.03495687993468402,0.6325607685585735,48.18268581785405,670.2635666571938,141.3827285300493,-0.14923437813186302,2
645.6113296927449,0.27913159796451126,1.4675204599149232,88.34279743744295,809.9755983019232,152.2452121770152,0.2922960378295753,0
93.29856534509834,-0.08770654177059925,0.25500883065684193,75.78311813788501,417.7474300236994,491.4734397773504,0.08176844884309942,2
170.01242695366764,-0.08893822423550138,0.6915677996367224,-1.5342330157768345,375.32987393908627,321.38870673996394,0.4440280367821325,2
899.5686466418084,0.06180510957477062,0.1588345452399674,164.70419279203867,878.0879684845966,358.8380788967498,0.25517854976556303,0
610.364769062994,0.14432159520233287,1.1358657690737026,119.23519574920934,364.82673562584426,488.30881865750456,-0.1367067155458375,2
19.10508110046335,0.28520370890389657,1.385307173078811,159.4770937129509,587.0946420643136,188.60089122881934,0.46349959707756244,2
110.45682743737179,0.2416476883032526,0.49205226137068514,164.69106983736805,651.3382372759811,400.92008422640293,-0.019009915451827897,0
666.8667514169753,0.12295135318837416,1.3016783475187692,137.08896341643495,624.8246525444629,217.26548165224767,0.0360487432844,1
15.0109680077565,0.03681333314083293,0.5091055226466569,59.802650312429336,351.61929421976595,434.7668359074899,0.0815822895784794,2
169.19997090332367,0.3985622500788556,1.3750782263014814,102.63668875385613,334.2161484021716,90.3287706556516,-0.16414299251698072,2
553.2464514729203,0.11309065111798647,1.1555466650354975,-9.908648470064215,363.29005647662143,473.8430885321398,0.14756079556142337,2
694.9762457157664,0.12569351216483773,1.2268694875780142,118.41135436872693,651.3526103235674,109.38585420543984,-0.11367705624729545,1
655.4416469075745,-0.018188089404165414,0.1252091778406363,-5.1866860651798135,626.6069325805927,163.11025349046577,0.08067922868184618,1
232.0266163659542,0.2974047743749647,1.4479344999036363,123.4873976275392,440.24447522204656,378.09611705339023,0.04549685159445899,2
715.0574291340605,0.2468411128907443,1.1173393888984526,7.399540188492168,682.664485107355,196.87757078270334,0.34098805839855234,1
244.87659662183208,0.010384806394380192,0.5266515335405866,-20.612174962445007,792.0405012333897,304.1056883832233,0.3622193581429118,1
332.14570117767505,-0.05880947719207866,1.2611525308023857,-8.678877464260644,324.94737590795626,222.28675053471426,-0.09261098232763841,2
749.0264910668438,0.24024965103735654,0.4941296777809019,-49.501966195232434,598.8779661288254,371.1849685448909,0.056585831165458345,2
653.1365700567425,0.2272556071405676,1.3218553753925792,129.68490446338257,713.5862472616142,114.16562618430542,0.06134721272228216,1
850.7311763892361,0.036629763499104656,0.25761254657671184,133.1002622645948,451.38715624181225,29.228993618438505,-0.09401268924474049,2
661.03676337734,0.37543178112520514,1.085160368445114,78.73333747831487,484.6625431758895,149.9646987365331,0.3589174535358333,2
572.6255173021169,-0.02447105410954989,0.8569778673028744,-9.659299736154075,668.1827417936303,237.15433243421512,0.29505982983479623,2
102.73802014981155,0.11616740052130095,0.23514825827361713,-29.111415622327563,838.7611760662421,84.01002609633929,-0.0667327495920757,0
374.0386450288392,0.37180796008379946,0.43865135956237455,-45.21775839067825,785.9546521817397,177.39864482819434,0.0567053360156593,0
272.5503440049082,0.10986365846306115,0.11736565078824071,-8.562955758694827,649.8781314597501,199.99150914678427,-0.12593648260044005,0
251.54974694529275,0.21926297383204277,0.7562751516503081,172.7138837457867,738.1330306543496,28.695921844136773,0.2397446179651307,0
973.2804492049211,0.09879719898139713,0.5217713650640005,10.384210425420441,518.8934821246792,291.6536240921023,-0.11503965281596625,2
399.1667474200928,0.03710760117433501,0.9377004780168623,38.56783180430392,684.5793168592546,442.17171398564375,0.4901539180374424,2
893.1260896253422,0.3919888239799141,0.516132930792064,-23.663628879666703,579.7089546765342,75.8714564765262,0.34647745228150356,2
634.8272397372903,0.1046670031575215,0.5198867561097785,5.590326187042571,413.96168187453657,298.904006700757,0.07316698470879651,2
796.863190506232,0.34704960183956723,1.1404704782242447,79.80614269505128,721.0429643263543,332.36960245542315,0.20499475259554806,1
507.61072217414016,0.014977302945543086,0.16739997036969484,101.93817077391313,633.8787824092932,209.66734020964418,0.4379392713514861,1
581.1348457800955,0.006552352012541646,1.3640529932687822,11.338078541552768,515.1729491721549,350.548793682135,0.18786949627707827,2
497.59251688067525,-0.08443295855774433,1.2931694241476541,-35.566960193720696,846.8035140471784,205.365771745506,-0.0778510595214314,2
203.29055792006406,0.22583341268794252,1.0349265565169692,47.75821728184967,312.56047069603994,252.31864398871744,0.06509234890681148,2
725.2275941088902,0.08426317186188056,0.930510198150338,8.550842731583536,489.4638907496976,3.67652227721349,0.3902014055208218,2
287.96463881644723,0.3321791249198185,1.349223497395513,4.888480807450485,334.12883866658797,345.8600570673444,0.2509491111927325,2
34.0728067671393,0.13660495334577857,0.35946225134020027,189.96570067836382,759.9163897329763,330.6713394723622,0.25550706903366016,0
649.0175729480961,0.3840967139573609,0.21055682706716006,104.07512148143101,721.2644724682756,19.20043866317228,0.40677503998194237,0
185.33957261297846,-0.007237242148439432,0.4353142378733533,89.21961079302397,498.8113312417902,184.12505369756656,0.4257811402237532,2
941.0539985093851,0.33431158397780536,1.2124095901802663,53.943775880830486,705.3977413242438,489.5159203958337,0.44385480024560536,1
954.3892912325615,0.2882984263958709,0.14853837341707665,57.23608335753606,537.5623357175699,210.3682812843084,-0.13360556472279073,1
915.715746318244,0.285460922322026,0.9159295691168854,85.2262509595202,753.7522748534606,250.97270256592086,0.1808882013741706,0
376.45711325288994,0.32239161405844385,1.4936125226678338,124.10745175902682,572.5101976420236,454.96507907985927,0.31835666485282293,2
25.302050363578754,0.2805119954714994,1.2979745313725553,125.53652404545736,547.3678366989993,358.6309379328782,0.3298487915889096,2
929.0353769618481,0.2131101608157077,0.8300239646610251,-7.07652307363761,860.8379492929806,291.0350655621118,0.22470134137900266,1
433.9023068341412,-0.03437756115880622,0.18909727300129928,75.02818801915674,450.5274599344201,398.90234067053626,-0.0832488653714281,2
966.9882708532328,-0.08373691025437405,1.2639229201399937,52.98952375852549,372.26840399793923,432.1831332279866,0.35819438775916496,2
963.9837773183604,0.3604239239078434,0.9385699114480947,167.63174156734604,650.7258679556749,228.44403586863342,0.3040779334604619,1
854.4793609126865,0.20832515726036901,0.2609061958833936,107.85473030459409,881.5930873705073,237.5541824659177,-0.1397049599156746,0
301.5044031488898,0.2982686454880882,0.23140019875269868,83.12601660399545,526.703528236312,193.0254678259179,0.12466687727206333,1
391.246751315906,0.14076117575627503,1.3734775472112293,-21.15133945527066,337.22205817726893,483.3530700092303,-0.07821582033473752,2
852.6253048016883,-0.04134590551880277,1.0368803681133099,101.40947233085285,503.5831603857405,348.5831271451752,0.03623393199908029,2
323.75278510471486,-0.037407103898724786,1.2610015190434578,-20.699023579941645,603.5589925917351,41.61153310403615,-0.18734323545602022,2
177.79781921923157,0.24278264361448568,1.3305704603951742,34.30164389143802,397.15380397932825,431.47981165650924,0.08023090788753073,2
561.2332498337666,0.11515294744973134,0.900481292867651,-14.289508796417032,694.8613308338952,240.27997041813404,0.1849138448093473,2
936.7932264191732,0.0002623633501683542,0.8244248924570577,123.01841175609223,898.6496334061204,34.37695321124373,0.23370781497896076,1
699.0694987082233,0.14579727337071843,0.7025983744493862,1.5630284590381507,571.0436855888663,274.8586275816555,0.264443241590097,2
574.3605583884713,-0.06789553146243296,0.543725222907567,47.964843297006496,512.8371340381276,208.58213948785104,0.38540391917172195,2
106.20472883306086,0.19098570095719938,0.7084343452021964,173.91869440469466,540.4225001006799,438.8747024313124,-0.049175964906989,1
618.857154432178,0.03449670221754883,1.183431518022219,1.079095849742572,369.0877070371207,101.99730180469369,-0.11566272429307245,2
990.1533116032207,0.29877955031859404,0.9426928034211841,76.95126598969478,829.9641608557342,413.2323047460915,0.3960760203285479,0
148.6831750841588,0.05518097946178688,1.3495326059367845,54.8179152915055,548.8953933128112,278.84434559272637,-0.0903710295751451,2
523.1463558400993,0.1276100745409006,0.7207320201308628,-45.468989738567565,532.3646468549048,27.305151606734523,0.4823320569353367,2
878.5993412086759,-0.09418973004594969,0.9499254102062555,148.1895283932032,695.8141637582846,485.92265066274234,0.3897767605790458,2
743.3609315766624,-0.06377655610272057,0.9838305743287841,-32.73852342135007,565.2200525586741,256.30762205159994,0.1506136241227194,2
700.0455835853153,0.0962467782033424,0.9283760272288557,68.5637552442384,688.9400812847076,145.43842711579126,0.4869949974454176,1
705.4592431472382,0.13996941735856175,1.0836872823197228,90.1695737347375,336.8677740784725,234.70342099462903,-0.13183628962439708,2
365.89623970755764,0.20001027405965185,0.4324068557247288,107.10661415364677,788.2340062333365,428.9288917587445,0.012146032822571123,0
300.6559258218484,0.04583128935465161,0.8173092885641069,122.15790732696888,864.3023717276416,152.45156219253175,0.24675709052842798,1
811.2675439237285,0.24749094306327127,0.24591472393168673,13.318095880678769,689.2592316956316,96.33819824335016,0.045004807931225105,0
812.012260732389,0.33006119859460226,0.6383158587027375,-47.50530583538766,872.7395573152864,64.53562346544072,0.4498607863865542,0
868.4015953943026,0.2899254944466749,0.7827338960697701,130.860915588728,390.859388621978,148.92969919510563,-0.15406173827552772,1
914.1081470309066,-0.08019058732582143,1.0131139633636614,83.91414983689464,586.4497136882122,390.02404352002173,0.18458828244267517,2
516.2289748723284,0.14025347362891447,1.430743473620685,159.02942580181218,661.0840403672684,235.81318259763086,0.2136063871765801,1
506.5011317403276,-0.04753491079091257,0.9409114931676982,155.34709072517356,649.0419884527121,113.74080184676998,0.25690968664405683,2
800.3122271771074,0.02102250793126373,1.1410314826471837,160.8315419469708,540.877067453426,83.09249980487459,-0.021033643667729918,2
653.4642914699875,0.39333129663357325,0.8087724832932838,71.27366499488504,502.85064561975685,166.36473825518954,0.055196499263905074,2
704.9472084851263,-0.02875222854924339,0.9877456439268637,33.40709895921641,376.0944135302513,469.96218644285443,0.3905763707654843,2
797.83474274174,0.14944407672567803,0.1993051025872828,147.8895506478425,535.0454703373669,171.5133562950122,-0.06354006172088814,1
891.1052883993906,0.20907786715905954,0.4561482131785858,62.823528257313725,397.5964890632911,494.0620379773177,0.37880749302135336,1
344.61520528302043,0.251232485272052,0.6065943304871941,-4.139450899141373,740.619405895331,242.61522788267808,0.19385879603191963,1
381.8271231135446,0.17982434174345704,0.761490697009119,163.7435048903686,425.298561296754,89.58195914507544,0.3335312578358574,1
103.04212044246032,-0.09511457629040818,0.16390824370333723,170.6399691930868,335.13918317072034,445.5700458967547,0.29952515638443006,2
582.4973395862122,0.06323065412199594,0.2960337365746447,66.57743903504253,631.4196826903406,230.17768656741345,-0.05474195323058473,0
45.582851058774665,0.1588558216923557,0.48754003090782805,-31.075068172553134,657.137839631641,354.8356717522622,0.19816891550371096,1
470.94203795113555,-0.05606675042758333,1.4601457672614708,46.9565224792328,823.1478367683033,491.85579160457587,0.4074062069635646,2
547.2181883605009,0.07531346560459037,0.5638858099442711,150.88441486565085,646.1889674506092,25.087675159987,0.10248136576135053,1
293.67583960700154,-0.08339844560431672,0.7748574813569155,175.44350713655717,507.2885122340674,48.347279893783565,0.4766135391563217,2
594.9249279633207,-0.060710751422489634,0.37453679783375005,0.8681856243989614,781.8071289157923,360.2283707313781,0.11655057007120262,0
40.195247439658935,0.09846163810079803,0.9550920995060755,-33.25659699368212,624.1673359124527,140.912501647736,-0.10005005433248074,2
46.974706861722275,-0.03364212297846983,0.49295650172236405,169.33761328320966,347.56817077871506,92.15069847504952,0.07260427605437125,2
824.3745550530617,0.18377042413077907,0.3897896098137975,47.35123474471882,639.510336187948,19.680939909864748,0.46619168447337594,0
366.58873499715025,0.24473248456863286,0.8232016798243706,85.44024106689082,844.8111272529974,10.923355993100902,0.023804594537897933,0
135.78990752536595,0.30029334955454146,0.10770811882458915,192.01645301268974,537.7875752989323,387.24280155989544,0.4076687119069439,1
527.0208274542563,7.512212240504135e-05,0.11072964570891547,-33.358818021444286,477.79548113988005,67.216713684775,0.4168754771773228,2
772.2936175676248,-0.016258708870465127,0.40669633274260086,112.07950186302389,386.081674210812,233.86030798557545,0.045130567032372726,2
223.66281722187475,-0.04771607983279988,0.1514099075011496,-31.47364435628323,390.8673131612144,302.9484075897415,-0.14171963936455753,2
626.6615710608103,0.21821512477181834,0.2512360557829679,43.86723211662509,559.6628906050913,214.17590028442314,0.3071905364111727,1
94.49399034383032,0.25323786324345054,0.5744049090742522,150.9536362983617,657.4078944969177,13.553326168116552,0.018058609309790197,0
61.16490395692162,-0.08420692758717899,1.223619951411738,58.368058188908606,348.36924310176107,391.7507512939544,0.34804652998030067,2
536.0410852524665,0.3681061231218449,0.9008681007170211,199.2955884757376,863.7411534150995,5.256612270826744,0.10985839378230317,0
545.2287703940054,-0.0740143581742638,0.8177348163389829,89.76482123665053,753.0801704671176,380.944947188742,0.1396867196398351,1
641.0556024832244,0.17064816765053523,0.5108843524913703,30.29053815898837,651.9743509701975,446.65224689406136,0.3445365847239757,1
728.8304203854349,0.2545302597254582,1.4044552072059429,5.0278314761882825,797.0632025633945,216.41996052858613,0.0676543317431395,1
976.0935586679093,0.33548456187304276,0.6558210577320682,37.630133571540455,348.112054087268,267.77123654889914,0.11018914172604016,2
521.1373448181834,0.25704346606621387,0.22192987351408008,43.1333184398877,586.1033266398747,238.49169630882687,0.06333332813873549,1
329.7269082118335,0.3008640415348959,0.9638931225649218,-32.821580569009754,678.055876116998,194.6043093117194,0.05713836069409595,1
797.2343328210167,0.06972509627140303,0.25937375086724196,42.3935498566933,797.1917436709736,443.7122676851801,0.16816260383102155,0
278.12392874945346,0.3074125568732561,0.5833123999223689,66.05962993480622,770.0817360295606,446.96675533499524,0.3661596111508055,0
444.58170649857976,-0.059942576807662434,0.8103767142049324,130.68443805970117,466.24154982803975,167.90818232076725,0.053237818345796106,2
87.67181752884329,0.3474083280302638,1.323911534559246,114.18237118040199,864.5281017355226,307.534877007349,0.16697830437641564,0
35.09723598130294,0.1737961880768681,0.790965212476166,127.19141380728857,374.6075048585222,463.45378107293203,0.26950912780982056,1
963.0219305311458,0.3086488849812469,1.08316227244433,-47.909079530785725,825.0801711726913,481.0292494706758,-0.011392387587441516,1
837.6203193070837,0.12615914225915006,1.4899435745986984,4.416849895134014,882.5641497627711,254.47952021102378,-0.005734036568325218,1
699.014464032761,0.22178884759826248,0.2840847678571743,115.42107209996414,406.29211393357537,226.41240264216339,0.4533891889164183,1
414.86341497012717,0.1632013304680566,0.4846241357273273,70.99734204493679,733.2396385222712,139.3471579642629,0.306474201331762,0
181.5613768701373,0.26579476087766596,0.6524065058367049,-48.671631082913514,324.1713112667991,479.435936595205,0.2040306733563162,2
164.8726722443752,-0.05918500898470522,0.6905594499543638,151.12366060795557,543.253695083493,71.40715223643367,0.25340403809442835,2
257.74046918294937,-0.0698239580047181,0.675429505371764,143.20239332258436,609.7699795186045,289.9147880238625,-0.17949038982760715,1
553.7343980590592,0.023551617005073217,1.370655403579177,87.10479074839066,648.3871355457804,141.27513375931943,0.23267207589318778,2
717.4499634730618,-0.020227659943405835,1.099645702253599,-33.38416855593197,861.5623489491358,139.5041451738983,0.1566562112569413,2
663.595402950554,0.3358917832961008,0.9510672997269852,141.62876238314615,703.3504123765168,202.48429368809423,0.18202477584560495,1
287.1345579764834,0.009606993679022152,0.5331218050078949,95.928396932841,588.7667707315422,499.3964679078273,0.051596678781571925,2
955.3166278565621,0.3879326279095656,1.2533065379098125,145.4899942894898,785.8050217595336,27.483153419911034,-0.1429682716009407,0
740.5179475288109,0.06844789588555342,1.4370847160789846,137.9367480989601,870.3196925726454,289.2709091017657,-0.0646625364715635,1
558.8105119862867,-0.008941042155650364,1.2496775955703172,150.75051798945927,313.2396892093745,41.286079017638585,0.46552129924887015,2
615.6035387720087,0.2948492535712396,0.10219114726806207,79.50201660115621,889.5127633536232,77.26041499525948,0.08608969358965374,0
425.40406180351204,0.22935388775043805,0.9909619182567697,-14.918870451621252,351.6792834382082,219.78147088644934,0.12667820908160488,2
255.25367960614588,0.14909785822656949,0.171589534018941,117.78936834492217,788.6320675612568,255.23006567322065,-0.16310314710259272,0
362.41295186474895,0.1776817754688156,0.46065010846721055,105.11844626299265,468.2008515308475,129.396204182262,-0.1737036393192136,1
760.2676493597254,0.2596008891361319,0.18333458048688037,135.5632967997718,379.3077946523231,158.2285654372081,0.3020270129327303,1
24.24955374345831,0.014227370665649358,0.9453136341291428,-7.529748487316176,563.913383828301,43.48351012796653,0.17666626488477788,2
124.91191410184707,0.398166958028371,1.0612258788896494,-1.2562000249276934,686.3739476685681,151.60989192212526,0.15609418895138666,1
55.54261560153522,0.3873965810733916,0.26028269329226716,172.6023793048321,528.571107014085,483.27921969027204,-0.029812828704131933,1
50.32151429578043,0.22516284317346844,0.6373744362629712,137.4944496130177,332.7392449696194,472.35369083624084,0.32132551214094557,1
856.9059781708971,-0.00022877453542743953,0.7387311125377588,177.05712217508074,659.67668379523,167.4391450684925,-0.0822343946240557,1
706.6212807862235,0.24011412121564565,0.6166742304652831,139.6788302909802,841.4419656664048,285.4269681393808,-0.06704567943728601,0
479.4320907964519,-0.06390079551041208,0.2694350006792703,99.28882649757546,529.9292195683511,454.79769555547216,0.1224985199437928,2
106.85581904449147,-0.08467374889709697,0.6865269062624655,113.53318425696841,429.7996665784962,3.0919113204483373,0.00039590347835860573,2
496.699716365664,0.028841444255606835,1.1516492669317855,172.2819809850025,565.5464075596892,405.3417851687959,-0.026775913136797558,2
478.73705307276003,0.13131147836965815,0.19941073034655765,94.70168862798513,329.01762662926853,474.1847763944595,0.2516663511873321,1
181.46985121091504,0.33413625270419023,0.21225201971466484,108.09783108209686,792.292550688165,45.66286716677853,0.2556802216529811,0
439.5131327455933,0.26358453488315403,0.5966798085703778,-10.880820999099853,795.804486570112,80.72384301646052,0.3771619488599504,0
404.5196870533997,0.27135326059999054,1.418415996266495,68.48030502902567,652.8002780577771,480.3731513856777,0.09239599688108308,1
619.6915970716943,0.11274666722403767,1.0360017054120796,129.09927798952475,511.8617333630337,268.77007182017314,-0.14884043628169485,2
638.7427143589673,0.07296749627348145,1.0501379393415906,17.735674579091352,779.87001866747,7.098317235861851,-0.00843353055497964,1
54.85096967432407,0.08551938149230134,0.6066879871730109,0.5635451311337292,632.8122148730204,128.81599938176458,0.48600382423777183,1
380.8664884802065,0.39382478186802894,0.9311251076919538,28.456702056103893,795.5593851300098,224.97183713442982,0.21738100266289145,1
629.601316557094,-0.07994540429375877,0.11418365763884074,10.375156998208361,678.8752755498124,346.45445551238384,0.29681595936071414,1
508.10489599428684,0.3335157480612243,0.990534464973359,3.728159259098959,770.6432839276783,366.58018906839976,-0.19484951926220984,1
857.924942776439,0.1893377042861967,1.3786017266067314,56.212710717021736,659.137795930656,497.71075646272806,0.16274401252776455,1
662.1066953027556,0.11930770959479522,0.9576028556827468,176.95962847088353,548.4846409293997,143.7555996918795,-0.17372993972773781,2
171.3050828106154,0.2626288302075682,1.323178030852883,76.76491168467957,874.7675159556825,269.1100509342376,0.19846114846401353,0
79.86305992642555,0.14333447071235142,1.1135622776525314,-3.019904796169243,624.6682949273068,266.6617739298025,0.4445395947452527,2
645.9950854242525,0.33671161904083025,0.2687817829651663,-30.75708265478148,663.0537111243231,202.82262972361875,0.47789339135028547,0
36.24619743620559,0.3503509320056293,1.3634346302001785,124.03903628448131,432.2925836488496,84.5809469212101,0.17838687277224685,2
589.9178254607286,0.1108604634367277,0.19302138209808484,45.69969110909696,675.3904736563659,488.7282815919213,0.12074336367655114,0
940.8279390107081,0.03841389861752578,0.8475544615668692,155.4577366463398,642.9645896897663,426.658593333293,0.4615119659739458,2
579.7194360971201,0.1961751642966811,0.2989919733108407,114.87769216019254,410.90303876821497,249.1665141471186,0.2715268823976865,1
394.2882269444567,0.35618167280834545,0.11638925502326569,149.06036263534213,335.75225841188626,301.6227113420149,-0.1545705043231134,1
646.8553362579296,0.0053310945028332835,0.6908479641786945,17.986509854612194,662.6155918288626,113.63052677983116,0.12600790436724824,2
463.6703615866015,0.21148329178174138,0.5130569907158187,123.08973061526453,758.2153616101923,271.8935351958734,-0.03182848707498728,0
550.1606214227755,0.21578011004626027,0.7804006913166441,16.015496173429696,614.0408225532049,347.4850665607379,0.12886302501407704,1
942.0501606887599,0.26655651120764046,0.9080798414283711,184.7671198625729,436.06357519178744,257.5835141932944,0.11882590040445318,2
392.2416114227665,-0.034216157436370104,0.1612347012325263,109.0935703833436,699.9131860158209,495.14258529247064,0.20750136197031938,1
961.5786581856751,0.25791248234104425,0.27220461317324385,31.127950043835526,348.06343596576136,305.6708281238631,0.04973934324447585,1
906.2971355365031,0.35451626033282047,0.8820993550305954,17.377965573068167,565.1002228811728,185.4868562960845,-0.08501068538085038,2
203.83322344140348,-0.01015844556487902,0.5804342944417215,-2.2683537320891247,398.0200550390521,386.0760138079191,0.15260360421296937,2
78.6676878664138,0.018771662461938815,1.1208428825692272,123.66023972343194,410.67543063593,85.23125579082102,0.38114201904203343,2
109.77022136365238,0.3856975470208198,1.0132083080287155,4.678903249481827,421.3763694949222,192.25790685313328,0.2648085596473216,2
28.03960739503423,-0.009511523645255121,1.2838461081858696,98.82581648187227,532.0242342263867,173.47947518879292,0.03685750614765107,2
103.49853114836911,0.3271925466847896,1.0694899573369154,16.158756731339338,330.6901233722386,215.90354755388864,0.4548661159312,2
686.1767056821933,0.1461389282240174,0.7019035083462073,115.49223619846714,538.6760645574589,390.88991296436313,0.4385452998744274,2
80.4767619756267,0.023615537201588516,1.0421532713522053,153.7349321351348,607.0244682688206,242.08651608170373,-0.05345612043113088,2
325.7858739908237,0.33537495063625566,0.4855336439575859,144.50631078616328,589.976570979795,397.0072251329814,-0.17240769041574594,1
846.42655785976,0.12265262750133274,0.5288388982894977,140.21283273269543,529.6704602418243,288.24445156993295,0.31891609584553354,2
33.03921637846761,0.1574086769648451,1.2045792238891107,-3.069398576936983,803.4879648424514,171.03471732877767,0.3793271829444072,1
816.3237977630464,0.07961668469988284,0.724987322962215,-27.903763253870324,387.19601545230245,404.9893718417362,0.4775051961659486,2
289.03622702566594,0.1964754257174637,1.2177324767256934,124.73720712184641,603.4180462688244,119.14483527654579,0.4228854758618174,1
126.9831793454397,-0.018238063707488622,1.2513913231355898,42.08680344858783,337.22485017393257,112.19148989989775,0.22037433774449033,2
699.7697937105091,0.09554076832588035,1.3005872727257972,58.08655660083683,342.69340732674584,252.2514620274179,0.17103663744866654,2
632.6534183120851,0.3847061611676438,1.3832893301776903,-42.21272680165224,644.3195098062578,130.42462298104445,-0.18051126411618962,1
878.6972933917824,0.029066716350563765,0.7033793087186146,14.894112318762296,639.6110549326926,4.54351747560816,-0.027340487208655534,2
737.720333365847,0.2283683322706461,0.5464135456495943,-41.58089903138399,826.8201077066742,324.14876364940073,0.12173032621304847,0
805.4461210810001,0.06259503211234743,0.9150782452317593,169.79644315031192,634.7242053960439,255.546910736199,0.23995273005849743,1
289.21422684559343,0.2867365628433003,0.6196413928126786,10.849170804632621,875.8746122429101,222.7589072465806,0.19007628332288745,0
185.6651483419256,-0.03456316964082509,0.9415038335203261,89.33429239325201,329.21690903995784,483.48425730915767,0.3198451927771833,2
753.1086041244497,0.3849105225392724,1.0878202077013543,-40.25516983471739,358.8046108684446,285.59959198145685,-0.0041631483790714185,2
808.7663918745914,0.12689477069181962,1.0637670258889915,116.71184782641453,326.4395169422288,431.71578889469225,0.1954668253567312,2
990.6000905806666,0.018025231673231973,0.6243740418281698,30.756836438523464,411.166110200124,69.72511810258008,-0.1383004296264455,2
418.4915001423122,-0.06325162633499368,0.3336042823782539,174.47979673941646,624.7620665650069,284.60323156471384,0.08956586650824483,1
378.29790493485535,-0.015121047456229636,0.7027410738470905,172.02954723350896,687.3433088564568,433.9898133654514,0.3251125830682206,1
778.6488311345769,0.15988697427800883,0.2996318017146722,31.32265459043694,327.35109476920127,291.552878639949,0.2853805974003308,1
347.39550485048767,0.06850158821564314,1.3461358492573317,175.24022392261696,867.5825339073596,359.00708906350076,0.4934499160205253,1
931.449752347529,0.3144416829413047,0.5842284450330003,199.0394183746947,805.2992259902287,186.02178390610368,-0.00547621180857083,0
859.8286243245817,0.11544376183090296,0.3162436461126533,156.35391603098702,477.96748929425587,46.22475851853331,0.14873250942178534,1
434.70408710126816,0.024357136293814946,0.13562686386805123,161.21783693880724,346.3125181358808,228.95014756353572,0.03067128964179769,2
753.3623571135824,0.20857249330201502,1.0041513408010778,12.252184027272477,401.93224393143436,197.23969541942876,0.10842217984142227,2
756.9974453438356,0.25338860844272293,0.9916632444366404,94.17559971443907,376.1666482529836,433.53009118947364,0.39986509090857164,2
112.09263014757329,-0.016479046049525076,0.5768458332138083,-33.186021508158035,373.9702675793681,121.99765117623612,0.27894635263194056,2
903.527377612771,-0.016190391855841174,0.2003966443867114,-26.270515794582572,611.1370131994404,483.36711376755403,0.4177088339433071,1
510.1998487233786,-0.08166428653322852,0.6734804528533248,199.72315300832264,447.5084654960402,479.06905990224806,-0.05754222416767951,2
828.1928914466642,0.2682010075328203,0.535704493088751,31.65981235647773,514.8838299174867,123.81582153571935,0.4113527824890066,2
326.8491050203056,0.23190226381090254,1.047968895629013,137.0459780122116,893.7032000305935,174.02597773866023,-0.1581664080751309,0
896.5679962112384,0.13731543787490694,0.9480909492337665,151.66626325670413,710.5885493552069,447.7778704369425,0.4220194963060066,1
395.3096619468215,0.32208522448459853,0.610431219476556,164.50581775180729,869.3884002282008,483.31111044805374,0.0303516456225095,0
20.729274965495378,0.3028350764750266,0.4050495759569861,199.40707435053912,385.5339330198693,221.719551418022,0.02021134338984651,1
906.328156655071,0.19267718219837607,1.4832503526178287,10.374121314216964,529.2836848995415,160.4985228204489,0.1584620036890647,2
100.37381001827222,0.33413564025662934,0.7356022696745608,-39.91229328507507,632.8390819694125,263.047006625771,0.45848313140626223,1
326.12050121451074,0.0029206050183841203,1.0635839300923318,52.797879498646495,346.0548371332428,343.8846031828674,-0.16655304472301624,2
950.5613473802969,-0.04404019030113607,0.2967741546097051,-17.479832542763262,302.5124661767747,136.7372576874899,0.04656168254952167,2
951.1010754681805,0.0348748057584948,0.7798255795231569,-44.39352770948622,702.2606002781505,368.2365873095364,0.3996003920783349,2
577.7035092420532,-0.07145657195534258,0.13855140781725167,40.10670678537153,685.0917100808613,25.828678557320515,0.07723813420482667,1
635.5188400481013,0.165584764000516,0.8076371650746299,145.93456276880912,546.4732859997671,24.64724638220822,-0.06059017168205311,2
453.96106675853656,0.36830284614748077,1.4496243699647833,91.54517280626771,593.7864456192196,193.1438525727726,0.09735592693198819,2
300.27866398108387,-0.08032822966574518,0.6378893981801202,28.194497302588516,549.2658003552538,176.7365960303603,0.06988675104416847,2
335.3778999162168,-0.038945042994986606,0.15459441760487622,113.58550137317994,314.4030269069333,157.81660768357614,0.4407913410266923,2
675.7932715162681,0.12609951414171763,0.14333810728708093,8.004545077202678,501.22296373047743,245.509881334455,0.33335406302016796,1
754.8507841433033,0.3669375087639525,0.6431814639256173,-46.40463848197874,406.2493532383739,160.36679115578562,0.1535808890208044,2
793.66325328859,0.05807805248837525,0.32403491104847165,141.08834660910685,359.0545134608212,96.12895923404596,0.49185939670509976,1
791.7219613666083,0.1536174043441962,0.13269293485946027,105.93577121600228,874.0322603336099,154.73477454430045,0.1256942718931463,0
100.29404201820347,-0.07921357047480396,1.1586990595302475,140.57565612524,659.6158350252994,487.45213640511747,-0.15923351842580735,2
499.4761016555557,-0.025828399518955575,0.7419322124346469,-40.2654958280836,737.1937705419616,205.5567084974243,-0.01640797472951061,2
66.98317241647784,0.3933150614794234,0.5049426807617163,159.27990695766306,489.2182459596705,222.35638842916788,0.10524933615351878,1
554.0335935004982,0.38255934821802273,1.360116456223073,104.88155000907582,535.8882776964091,288.27249497557,-0.09016816309771594,2
447.1151963596432,-0.0975300095327952,0.2625945442807358,90.84883767816004,442.1543963380341,491.6703842071133,0.46329558842683,2
888.8271409307167,0.37590589271161945,1.438286360537447,106.15351202863289,358.1794025792548,120.80063821788151,0.33679422847244117,2
357.4058624265579,0.21955996890775017,0.5395534043282939,166.10831171709103,407.41898246495026,340.6410552662169,-0.012198959700559175,1
125.8963462633298,0.3339591472600111,1.3437651412321536,96.73412663972675,778.5084271778915,357.99234677086207,0.21356317346254106,0
151.5617652323075,0.12736992781692955,0.9441200270712461,95.23759497204483,706.5274831102655,303.66220839653295,0.30501440997670043,1
763.8955254002975,0.15779801428962512,1.2573903036380825,197.66978926644146,628.1573255912862,44.28916981832204,0.4588952502347586,1
622.0358826830984,0.14442329012846009,1.47761842849465,139.182541767142,585.0539237200608,338.43613791378823,0.41714474442278743,2
110.11144936156234,0.23343212877305217,0.503767612946244,60.573451362783814,853.4605701936747,32.04735551808774,0.16063455829674955,0
93.26573805384746,-0.030174372621843554,1.4455896795706302,126.84925000823193,343.64096866720104,298.0713247749485,0.34225683385511224,2
703.9594401445288,-0.08501320506366103,0.6452746528633885,47.30761792294712,468.3604879427496,369.79058861087134,0.19350132767930944,2
82.03537630055159,0.05396497079559545,0.6397166666316911,7.218865620874752,509.9627121424285,105.4849453099752,0.18689272303187804,2
823.6414586974527,0.2523403813683234,0.5765419459563079,99.21296922193986,769.4554873276727,420.81100377138705,-0.11968062916326569,0
709.1798048849313,0.0009267260614741757,0.8579706502866192,182.04552452848787,895.5087720971828,15.176902766502131,-0.11170363938869357,1
90.53529283548076,0.23671621666245865,0.31580306044988193,182.28488000386568,444.40230885429185,421.90643182915306,0.17067353051572015,1
93.98933694434,0.3849560230536352,0.8751960795012156,35.47631952637258,824.5844004822484,230.16452532138254,-0.011796918514695387,1
986.7731827161637,-0.05304964210529081,0.8583867373740055,81.91936655542375,798.3736562590748,108.79396996582224,-0.18527416827767196,1
380.5280877985591,0.23630105911256313,1.166662537646818,2.908974642465303,434.79443858506,66.889072496984,0.3059874427301486,2
376.935725596222,0.12187510965228557,1.26710994671262,198.90777737472087,539.5995481195336,476.6535837911863,-0.17725938231688454,2
814.6715715849275,0.33407112718875265,0.7166178904373935,195.27947696698394,545.8037215755114,36.33279379057836,0.21669378877283813,1
947.7760916100201,-0.011425105276307052,0.5232665490920912,112.37723242686184,886.932401115935,99.54670996796283,0.17743565588912003,1
986.1410531846421,0.24631297611308225,0.46306885624393224,151.10351491936834,408.535140827339,173.911173716523,0.47817028340446305,1
755.8444034063522,0.3190576448240551,0.3724733713868207,128.775040320925,779.4947826628693,310.11742448056026,0.1389491975433491,0
382.4969896756066,0.37230710973701164,0.18070661507863484,98.28955475986706,500.51562850386597,272.4005426380492,-0.15547899453554187,1
92.66570953168208,0.2416240141448229,0.5794271703685987,-36.663000752775574,738.5222074656963,62.821746206156995,0.18618157746452313,1
779.3754467681624,0.14858738200421365,0.4783467689830966,63.69108563816526,552.0066025773976,144.8639918691073,0.3887673194312709,2
562.820207238447,0.20892362010060692,1.4529843402129703,118.69657554185264,647.015857869924,119.37588554301203,0.49779449899700795,1
429.97978915450653,0.33445249223935913,0.8807923567500614,119.38290347092118,799.5670639956786,106.77142724517068,0.10124022158235069,0
907.2908412437886,0.18530487331941484,0.5861878546427105,43.2806546055959,782.4993389903304,205.57216823999352,0.02420911974771972,0
120.08550748308983,-0.08480647015158158,0.9126546413911744,185.42299666450765,819.8539101238201,352.0157262958285,0.43465730786639917,1
497.6988532479506,0.36547434775348886,0.29487538188397366,-8.160741940804748,335.7703952067954,108.72646610861797,-0.06613050964671507,1
21.240108319744877,0.24476337551578056,0.721661248883084,75.08986155389016,715.2303318238469,183.3394398514907,0.2308002405230486,0
473.974035574185,0.23825669288862325,0.9767280499894893,122.7209941377057,383.9924260330577,195.45871342058112,0.08400009692666338,2
65.74024292501898,0.007837576198858581,0.7844569645094319,124.28395147295231,549.4911408110465,488.2282647177051,-0.1712423445311113,2
127.6297371053912,0.2294427351163286,0.6624903209160539,112.15973919220389,629.1530490328131,477.33317843953444,0.0431019320139884,0
126.35098430933384,0.09693220282707923,1.4913877444595776,18.822053362965036,541.6436908480985,400.06879137603795,-0.014340034248127798,2
652.718199094903,0.22561648852074603,1.3324406670084978,-10.948357828344506,611.7670054818045,120.82946040959258,0.28026380776044074,1
748.5844304727691,-0.046703484846004645,0.9727683414232161,108.9850817066777,897.9157852791715,34.01865704583484,0.4641533483843427,1
587.535077446188,0.228922652301518,0.8971283056551959,99.82552903485944,381.13038822771284,158.45206886031238,-0.012366968834953584,2
962.5508229897965,0.3997068628853333,0.9689246717544177,-5.1609974276897574,705.2736272018553,133.39727471691543,0.3680261574061772,1
381.121873728467,-0.07589398056972199,0.3818369509514066,126.28478639264083,537.6005798313691,252.96290007319695,-0.16124812814311335,2
292.8549654190421,0.38858709211065867,0.653192840570046,63.7929979334141,379.8058793443973,388.86395503389656,0.1766847070278692,1
869.9131369075657,0.1034539803614353,0.15524334604725903,116.94014790078822,395.24205802458573,429.161469439429,-0.1506149554030738,1
231.3598801342581,0.3353767251686296,0.7657644524815572,159.34176994253767,869.5638637473702,422.4320427052543,0.4538230937914474,0
963.5903140462052,0.2911927420291367,0.8602344175407284,-7.567892855769209,827.7608980270572,179.83778061153387,0.33644589639017314,1
22.03292994291818,0.1835081304933339,0.4188496305444934,-45.213783000790826,844.2251762490131,343.61717173034145,0.2605649378432146,0
970.1800384405626,0.2692246046256632,1.4496403860317193,144.7756465989467,894.9196654964319,156.41709876211002,0.37672746713726496,0
52.728312831070355,0.3392577806506739,1.3732364553121388,102.42435628815397,424.9892340051108,30.452771617591356,0.2532638568991142,2
892.2316825610903,0.10207016082551648,1.1110005296382683,124.90989240553043,513.263602418437,350.78263280147115,0.47826107802200374,2
532.4240979954369,0.06351658078161934,0.8467412802715075,159.53874374716065,701.53141795492,4.913776284893922,0.29977056350534004,1
993.0351481581073,0.23379669278179235,1.317956823506759,150.70273370612512,590.2815239163883,204.59129372924428,0.4472610267075727,2
83.05859908804487,0.30392297097062926,0.2829132813528481,190.23003673220617,551.0337200270001,164.68963465103786,0.1619923244074466,1
558.3157415573075,0.2811425673883079,1.206713711984839,83.98376971302955,514.6867496013558,346.68876925942624,-0.11805491091269615,2
969.609510262908,0.29890682442931726,0.2747491395535876,72.12390816497634,656.2683791660713,383.12273638018945,0.16972440499611197,0
527.8668657284474,0.1177916574064665,1.2118949275691675,50.47179997268252,645.3560571840492,152.0473179856419,-0.11118902035583471,1
633.1046517539099,0.3089171080875108,0.4860745955518997,-11.577239288948867,396.87470043854404,405.8135072224268,0.2147454354234835,2
698.791202094771,-0.039895472314695785,1.3279268134254645,93.15180822050561,583.0439025110634,146.95838025246687,0.13774514236936403,2
459.9956541200955,0.17224454898042477,1.421658931355557,19.2531310814947,632.0830657259099,223.1631799932806,0.23580277848294717,1
631.2824992832228,-0.09712066975093922,0.3083143571671619,180.32687805324386,642.1721632388343,363.509263507067,-0.1929671132616179,1
588.4711688038692,0.06229291495013514,0.7477458470915509,95.79770106927438,426.0643157474111,346.4601146123943,-0.06361165584124515,2
902.1464303860791,0.08323076743569893,1.4733823294277593,98.21004512702754,745.362835351372,493.68423615610004,0.1439313023384916,1
54.99191653804329,0.09808634580462769,0.7767704103624052,38.7311652192525,315.1194568926418,112.58051210796593,0.4653524931123943,2
288.15355769630804,0.24773360334493108,1.3089665315203631,-37.00266200557313,512.8991133258976,331.1589567697912,0.06852632824861088,2
950.9073692357931,0.09427905063517286,0.9242241309838477,-42.06405865675285,768.1275891213802,304.8409541378887,0.09706041823754424,1
891.3611460520071,0.12434681131126532,0.6254618710874426,55.83378603829938,638.3357526332413,457.54922724501495,0.3002872623046355,1
461.1001852578558,0.018772065437163726,0.5000969777362183,-28.858655475690536,456.6974595065161,78.18107082243753,0.2226549301002826,2
623.9312718235213,0.08662589581467003,0.3845123275205221,101.71173888503478,716.9718716058287,375.8990817934665,0.009248305068833229,0
284.60737115132133,0.013634813631575732,1.1665174679287762,170.24325140991436,640.4345664936441,284.1343081343842,0.08757147689719941,2
196.2399481265237,-0.06340203811577819,0.6411567095522389,170.72870412968055,777.7461656738324,137.3329348939527,-0.047610140799937306,1
469.0614208905823,0.20172429669068895,0.8157856470810515,114.7613525330581,741.015111713894,237.21745707358704,0.47621502139114597,1
359.8187057457923,0.23410639927750812,0.7892556720016546,2.807957868232755,666.0647532217408,166.8882985348989,-0.1085559329098482,1
587.8195507323634,0.20974517300480724,0.9081906409263837,165.74920783971803,592.9066051864884,289.6567013942304,0.0602857491964936,2
86.957290595335,0.13174702190028617,1.3118080038743731,171.52335882830204,379.90927540051405,444.5003054073329,-0.1819127194459922,2
974.6508595895049,0.0898928900896149,1.4730350810168011,-0.8366037617603226,456.79981073123025,284.652492206101,-0.04475435564651753,2
986.3486370348069,0.3316668247859126,0.6706178920033437,134.3565214426693,551.4596837502512,315.861209163292,0.3463297968661084,1
701.1800968795477,0.15954089256810902,1.2585264909488243,21.629887231780742,659.5795722038332,259.3739235573547,-0.05917733739778441,1
540.7354026806792,0.13959093881486548,1.1703389125166048,150.6600780882324,608.2247131291829,25.582753222737953,-0.14395561822972408,1
316.4323401234645,-0.08717896709678216,0.9029405320378024,199.30947497590066,472.9107155757177,116.42927843804712,0.13211722589116626,2
815.6570695098792,0.07062391381307817,1.4384660010567063,-42.4934986676518,303.87861467382635,246.00086471604138,-0.19302153568583708,2
687.8838608283405,0.09009780939292852,0.38066432173976383,174.34146644773298,597.7435331404884,155.11764187235238,-0.1406636919015668,1
170.9907699514424,0.09941139044845024,0.25296989443346996,105.65763339966452,471.37559313734585,90.8817988805971,0.3653381086940825,1
911.8179126489041,0.19008618461366614,1.295546753737591,193.34565479120528,740.764980426321,252.06642095921916,0.3400313414017245,1
824.3118704939372,0.16680127336343922,0.7148097432872476,66.2523793816069,314.3677591622901,161.40489672392516,0.4405971742834272,1
950.3019141590048,0.2039525463967223,1.2857563958898848,161.84698264284344,650.8966867834745,129.05382158670736,0.39816080513752466,1
728.4623133044764,0.2824416307710641,1.3503262872735808,-34.401482850430696,864.8845425036393,231.9927087201904,0.2782228942678726,1
617.281043976432,0.30649286935804676,0.1874406310667,33.81976251957393,404.6455602668997,66.64212904108658,-0.163366999889536,1
424.0606059277127,0.25906153811324717,1.336850668180485,-33.24586556219751,582.9896944503572,463.87286653770366,0.34799403259066025,2
933.4011985204731,0.37776184797746737,0.727646677517191,193.83578336976763,354.8531950902829,433.8510489596195,0.39185756758839224,1
867.4032506054043,-0.09088370866181919,0.8146054846059251,154.2434768179592,675.4091473568116,353.8102928702677,0.35935750204036804,2
54.76648340512752,-0.0021110071582269574,0.9772295155304942,163.1368553114926,630.3190083577354,53.106913794228106,0.15593532471561822,2
36.103304752279485,-0.09621856251092895,1.3969356494221215,184.49130785847356,544.4193145276994,387.93862723484654,-0.03696871294536286,2
382.6987332092691,0.2237373570773015,0.12676253220166964,-28.72412847005366,612.8262128842448,403.9786640545095,0.3917309829821087,0
812.4477974740146,0.3490152744749935,0.7675808556449438,46.399398128333345,837.9447950814061,383.8823088571688,0.30901396681809684,0
987.403368021795,0.02174114828814963,1.062810859402785,-32.24127773899947,417.7765813866402,56.98294355962058,0.486532822072196,2
158.9127221924929,0.36351727239815335,1.11178974077752,2.6982753875071523,313.53870702320836,321.9539785338824,-0.09101518157084698,2
598.1894081986138,-0.06986630485521958,1.0695454041519512,7.34144425941809,816.9989308194606,417.16239787469925,-0.04203479186356149,2
387.0819480647113,0.36721801340275717,0.2882091811713706,67.27680276189467,646.2702494327439,288.67670060983386,-0.05174129508294814,0
970.2152538364571,0.0758113436198172,0.5191538237203537,17.140541863410647,834.3950732771054,323.2036876140445,0.3547778373349357,0
843.6977339043516,-0.04928958577539175,0.6022017355838188,-24.755473295559728,658.1671340479036,229.1817397131531,-0.0691648924849173,2
839.9454176640264,0.1429358795931628,1.226212090751307,-8.127227726473073,786.0966539758215,264.3536599420263,-0.15333811912368575,1
474.00622819702056,0.028388283860253966,0.49026382138037417,-13.181109111977271,557.8040180130888,17.18842917586261,0.49899256460993996,2
420.6713073142885,0.04243645098096141,0.3949869494140844,193.26919947807457,749.9159587729613,319.4815109866423,-0.1826279519883956,1
280.6730012113992,0.05364498246314328,1.4404272266533347,139.8231267296184,847.8248801339136,40.7236064455796,0.3846708421112059,1
65.81174168441785,0.30151294891633174,0.11240859915885647,191.9403663173905,643.2737782333238,217.50729717011168,0.05575678908545695,0
866.0751524925026,0.16958063833762724,1.4969491979547696,59.935121626977136,408.4710903374277,146.3275488337039,0.3891308218304706,2
814.7719990387768,0.05565384957800182,1.0475498184003538,19.592120415664155,461.2785690181189,272.71397510585655,0.18823434384780147,2
999.7204965532693,0.20516689165545918,1.259857019228764,149.57329930229668,419.1867461384435,66.70816776160355,0.43114186064045207,2
996.6704687031663,0.2580753371115968,0.5124671548846704,31.563479510286697,448.11421655743976,345.8217009866591,0.4483350904902386,2
559.8773885466012,0.03631200036676688,0.12004138873388398,24.84584342633707,483.84926961062183,397.5057684642352,-0.19363127310345682,2
771.2975410287054,0.10677455076267575,1.133017325986142,8.126498051957796,633.0802720519131,81.67722487157825,-0.14721147680504823,2
945.3180725836038,-0.03905695333152623,1.267802435800946,-17.580255443941162,652.7949776782997,52.15654367594108,-0.0247488893004012,2
851.1509167706373,-0.009425325232659848,1.1366665847349269,14.115765254191487,555.8998483451167,72.75774139367958,0.2685207914544511,2
254.87462072576568,0.2405589269824914,0.299990402221174,38.82993711847192,669.2524678925013,438.5637809492509,0.4217905375580541,0
456.0386939569926,-0.009280826152186533,1.1547990911597568,118.49855203643261,348.94495536681956,264.09463087817807,0.12195936590577389,2
137.86782099998004,0.16258169183353008,1.1764918949506973,-34.358789445137106,352.67294223489597,233.63049800375128,0.22488118139198576,2
954.5105169861351,0.25452313086121636,1.0219567219380767,2.626734916335735,403.0976762145951,53.35590955117714,-0.06805010304310721,2
610.1128881063712,-0.04656153845262809,1.1725623059138206,152.2559100729191,610.8464988242068,324.7780033784809,0.3634767837171797,2
236.3563774484281,0.18365610981445177,1.284290015548825,-13.26951910405731,428.3968072189881,433.99979594754495,0.4771296779474287,2
674.9836775617981,0.028281391850681875,0.9590457599324417,35.661286630630386,469.9706420955464,414.0929346617265,-0.011980746959781796,2
621.9469580533168,0.38146343761878987,0.22404659955755069,166.164730464535,540.1877017037964,313.0273544904006,0.1463781661203824,1
364.5810908525121,0.14177282335996236,0.7826789335340951,-11.268672214139336,787.1196744062279,37.63935832583682,-0.13971872264553836,0
122.42201627763274,0.3029962748875791,0.2087090685402471,-29.315791095452525,308.31728154771605,56.198513588006485,0.19139565952407783,1
674.8574636368716,0.17511327107813088,0.6705602434454031,71.13449877000271,689.6272921419734,24.65449355491234,0.15194840929267633,0
525.1046238947554,-0.07829373357259042,0.6699490847758787,25.604877819634098,701.3259186244112,128.73960824623464,-0.0988944610914457,2
774.5952078182829,0.21657568779701117,0.19241378179633822,90.85209112096354,779.193468213982,67.83073358018888,0.1094463491826525,0
524.9618661008734,0.3757016711033285,0.5883487475572711,150.95122262086878,859.6517634361879,130.02402012621695,0.03387325646059425,0
853.6596853153547,0.2008059100731656,0.2553973383078407,-15.712877961814208,312.0827093695739,192.52902785948083,0.1652816127136325,1
556.3877703867407,0.3095944297133951,1.231529294012911,95.17477113857126,392.2702233079297,471.49139203556786,0.2099580348001594,2
565.3285918200324,0.34210323167420387,1.4267632363502591,76.37719009746598,831.7027764335958,305.18802989084605,-0.19405309497495335,0
877.8870666317616,0.014039885974466232,0.20124306536111405,-13.98030349670011,575.1111373122092,417.48689284148116,0.33270418806468866,2
409.44803755027306,0.006022419954113317,1.437161290208382,105.9996213822456,638.7543833600781,355.17575035616613,0.29911000430321855,2
142.67507616613432,0.20549049442549586,0.8316072390714432,18.410104465192916,697.8163222338885,56.251565263315875,0.05640047034456552,1
38.494849550205586,0.10551423490335235,0.5193919491354234,71.95857963600312,707.4399626973825,367.9602031869744,-0.16294484510182722,1
757.5858831168828,0.3199306514333602,0.2076069053866289,-29.43191893073453,859.0442419899049,137.54944077956222,0.32845277784953525,0
624.10645583993,0.3500115616990056,0.8008739752985848,64.89601430340576,898.1696504470018,319.5539234973532,0.46862261233469266,0
707.0389704182313,0.07671068965135905,1.2123217622870481,26.615867010705074,732.0944765585641,170.48098682149427,-0.0318938827845901,2
220.83451989382164,0.018435279487241024,1.0899210681733773,155.5953027963386,472.3327255230905,498.83613163232957,0.026467229615926485,2
145.00776083090207,0.2902627576219309,0.17031641604956327,-35.75531825065793,827.8514413766062,131.7757397483889,-0.07133097736272956,0
24.399219011203108,0.03740301777406804,0.2020625695150649,54.65181872958249,329.53254872445694,139.56523538713483,0.20385528634138772,2
357.081683218531,0.31130715925683916,0.6640225956856919,64.6078560328595,438.64851172469776,465.33612778119914,-0.09161102374678155,1
594.0185099860868,0.11186912682438141,0.5134066916671206,131.25151907477968,838.4314304782289,12.322202318161334,0.049335760422965586,0
398.321604648735,0.23377494964573522,0.425338052278467,93.57189377255276,453.71490866361296,348.34449393659844,0.28790910975398404,1
443.1001728034918,-0.052232343082665916,0.49340629847219897,116.80308429854526,432.3906357730491,362.66319536793907,0.19208118810654384,2
905.117107548811,0.2119296623382865,1.2248758406156386,144.26232141293903,382.87517588414835,418.18928870519966,0.07052379502955464,2
354.77291235306734,0.12588383936861455,1.4009192750845956,165.55074341454718,815.46705458815,487.2196553192377,0.09417472126527932,1
518.8495942682127,0.19330423158773705,0.6671437723385929,28.468874180617632,600.034955514652,487.8009595783262,0.1934776178362606,1
785.8164826137316,-0.015992896127568296,1.3685554029854958,84.50567634097573,704.9359218324928,32.63837878323195,-0.1958946904789871,2
402.57735449805745,0.268436872472091,0.5500939817470347,160.02701960979996,443.43983044501783,410.91966137645124,-0.14504309208247312,1
625.8658332255948,0.3313985387716143,0.7670117808813082,197.3627827412641,754.8242526067299,323.15496682869065,0.4168806474341081,0
863.7400716592778,0.008369900045387818,0.41644059694239954,172.37982776094077,756.0033269772591,323.6710671865456,-0.14548470763609647,1
950.0254174210656,-0.05214272223991914,0.9966664590461815,42.866815656094204,487.5588149449801,64.1749633073474,0.29476251734735354,2
155.60274611974756,-0.08818070697683181,1.4705735612447324,-1.2083706953373934,546.4095798061697,325.0935832228267,0.44402671487633677,2
927.3217489098795,0.220985750221633,0.94489033446073,72.34813435164718,425.8141664581205,491.2412903006239,-0.010521476988788248,2
497.1951301487428,0.20354701804439038,0.6009397177589684,135.41036295901057,885.9366139937425,455.90928476972346,0.05934400594165995,0
265.6619444159688,0.173348706357035,1.0069444243867396,73.1422676883244,687.361546235047,219.56533040242527,0.19824498409130137,1
464.5443986758787,0.015973548057987702,0.2720889498515426,70.79521582841713,860.7263284293093,19.97398664304717,0.4171962787470092,0
980.2322495326223,0.09545299795275733,1.344122712371558,159.55760527045015,482.0313261774799,181.1467450001024,0.4593339110822941,2
497.6919130529409,0.19723816759308652,0.8043175310917708,40.35094476679659,769.1345477981338,413.1951558002776,0.31769427367788755,1
335.46409418463315,0.14838342942958468,0.7290896388554988,164.9486687029114,759.5151863308452,350.74955073258303,-0.1393661674017142,0
637.0668457735585,0.3938927601074437,0.9202107038349268,51.70120023793089,714.9933911199249,229.6718277969782,0.26840790887439553,1
247.74416259041115,-0.03178012372163344,0.9746974079051633,32.05827641958486,879.3833851600803,27.55076757941555,0.08721260531086339,2
85.10469482757728,0.2475722770237969,0.20048612871711824,63.49747779992475,536.1332016637894,213.4473639116513,0.1294906996437431,1
137.59092469154274,0.10215938405214606,1.0556641097127633,140.61173966871712,378.43039415385437,234.51246985894176,-0.1655961267583761,2
136.7653805681947,0.11409980746280737,0.43870435244174144,-18.49949303400143,703.0253155464364,464.27776644706796,-0.0662565024575493,1
160.3836665771714,0.25879888282908814,1.0995336855092257,-0.8951960319956527,737.5858802863237,320.54305179107973,0.35335952527355335,1
147.43890092291605,0.24621807566218482,1.2515487121378754,187.86120641577298,645.0363440752888,155.82645832732445,0.11777118313350182,1
644.4659973551825,0.3956279968510942,1.2255419105735283,-6.127093154660656,424.09073588003776,262.6591322253607,0.011163569141804164,2
190.06128355515338,-0.03580285527293739,0.8735013543710447,91.93182948276365,602.6735650016133,33.02765391108004,0.06881335177547065,2
352.21061049062456,-0.04794517530791684,0.8282378492350516,94.82861666548447,487.3138419414777,486.2841178248684,0.3980796593279761,2
897.8205258069518,0.26216940856437054,0.3000263458751764,72.4061155125612,556.4799169000134,180.029950965363,0.3242993121834698,1
479.2220238602436,0.18919345850320454,1.18548461056439,111.18631214420463,687.1311455067984,238.9336774565679,-0.009379221973242091,1
670.8821611358169,0.03708033327990293,0.4799731326254001,7.456681449404606,747.1288456145007,177.6419871184613,-0.1177487118513387,2
180.59667248961352,-0.0602903155055067,0.7953735919451251,88.16556694418705,439.33481454080584,341.2558650581001,-0.023601244849149827,2
200.36612862058408,-0.05717087520178474,0.49798373009852337,43.04331381172429,543.195216388172,331.11607916479653,0.4445295157383135,2
50.459930103814074,0.34709543733205916,0.28735970819957035,115.41681490729727,461.4969425949775,357.6611552645678,0.2071121864948287,1
177.2457124414429,-0.004066337640628553,0.9813807756484311,-14.694114156712637,419.1789683171215,134.07161480596042,0.17343614612134794,2
285.80443564163903,0.061685781057760375,0.17606484875206535,92.71935420986907,770.032331997503,157.834240582033,0.21747551978472301,0
185.24037943397934,0.013328201113494004,1.1481033277766801,-3.682411154169074,845.5516166621954,62.62561554810397,0.05621978602256067,2
97.81550841948506,0.07749815291596865,0.5446215133655633,19.6607657787591,522.139311410746,327.7549859230563,0.36497491422365885,2
129.4295123895948,-0.06528807862695332,0.10018857020627946,4.6774500808958095,750.7673546242602,19.898563667826274,0.16630037451017482,0
466.1709803523985,0.15952989545413518,0.8155807949321217,-4.290555032795723,838.1971736186466,298.84116776172954,-0.11827646806184314,1
214.2703812217346,-0.06619371820389255,0.16559267193864438,156.42773789016675,807.674526318139,434.84794242581694,-0.10965441261965594,0
370.62716243759473,0.3001782539111808,0.48663738094925924,21.426891915222583,409.68803312353555,445.4160741448168,0.1758014025518328,2
508.3830981463083,0.016856040955216506,1.0897670824380026,181.78094546611234,873.7751289080168,224.51888018498084,0.45559915264958734,1
693.4908803430717,0.1700059573022553,0.18776547027061222,192.4816313362977,526.0058642576774,229.65184410653688,0.015846485173339087,1
48.91901844268795,0.3400395437807291,1.2750738892984033,92.81511748427434,503.5443967043018,38.484591504008684,0.40867881820145274,2
801.4162949199522,0.22543868452359708,0.10534789172201636,-14.2497193335684,337.4587963666682,335.38251272151786,0.3348669106052155,1
631.6213855959987,0.16647889327566764,0.44555341688266314,43.637060844895316,591.7041924629298,410.62971018642276,-0.02653128996516524,2
90.94144162938319,0.062166876557687795,1.1372656786129,149.4330658370535,365.40816938455725,122.32752730235651,-0.1745614761786303,2
874.8428378657095,0.06650095652909896,0.5427782096210295,41.84768217426762,449.1238925564556,210.65044081668233,-0.1287069144003321,2
921.663676526495,0.23474347759909506,0.24264934329241894,-28.245695424302813,490.16557306036884,419.41966838263517,0.30994575369320815,1
70.46718025631512,0.3970696806105838,0.604327486320599,89.19622773204699,785.2957940950105,438.560233831144,-0.06023118337154734,0
284.10887166573167,0.2309195949246893,0.4785506009383357,161.2802128740087,825.2931902375379,121.58999013211297,0.05988964435377564,0
808.1392669951307,0.17889170868501245,1.2797966630247768,148.9815967858756,481.4797904768818,275.2853172706821,0.15118941620449733,2
750.7770934798218,0.265325255119623,0.5386870846192003,-6.219214967411688,815.2188727467443,96.24657531791352,0.30782771791511393,0
192.67580916281355,0.13260280614185907,1.20450546048641,118.19115360311667,814.3385624218746,50.93938206977827,-0.12073814371861225,1
217.2558301033432,-0.0699288286996074,1.3486210027350287,5.12606585891178,758.7905702309241,455.56025069597877,0.08445648369422298,2
376.76738176346817,0.1811484079389549,0.7073443874071412,4.5518836380430585,388.0170684091089,410.25375211605456,0.13955103639988675,2
489.6777553391111,0.37881264225269007,1.3739204013961488,168.5179433262963,714.1937081404374,380.0174509015869,0.17857894478007774,1
622.072223814993,-0.012348528821170185,0.6282452755484699,12.417238185057542,867.0144387483413,24.383159406570208,0.37285244897665165,1
375.2245031740747,0.24500244541033286,1.4497097830861514,15.811836629502793,709.5242872602942,421.86439635512875,-0.07982526346974818,1
467.90936897181643,0.00046684432952823207,0.2250053343358021,-49.83665230967511,498.9701094647004,219.02203795269187,0.3654820162786356,2
749.9962287524189,0.16791384223654063,1.0618269731045398,167.66725853137942,600.3475904584988,171.19756164792983,0.2850148993876565,1
46.31637086169192,-0.051661775176640196,0.7913396566397001,148.14870330228368,687.4350260106321,273.23818051268825,0.18910956993927153,1
259.9125749005806,0.12518546812909256,0.6427083276379059,106.8322337726695,606.3422452371021,45.67662136177791,0.2896695092818003,1
716.2160900257069,0.27808166444762306,0.9857966302480412,137.56644098471057,371.9717650385819,378.3232746761994,0.08841241726615945,2
896.2547693103273,0.07378576211949103,1.0853999282880635,-11.987858143877048,487.2384267912124,291.2175384441479,-0.10312168982231282,2
516.5606676945094,0.232455862243609,0.10610857751043273,64.58089864689386,781.4376183321795,93.29504843658376,0.2660356681857571,0
536.7923504126625,0.2977249803948646,0.3337343242460782,37.80484683719523,816.8508276573104,94.1160998845228,0.16727061467993554,0
116.10029122637829,0.36358890973972635,1.0982644708880462,-26.55586843574588,382.38001962934214,92.12432578633711,0.24756236037994284,2
452.9382431552201,0.017321040927726766,1.032939579009489,71.53262130373102,871.4320514392348,28.501193775966993,0.03659914671994299,1
537.2910937904729,0.09965795790465407,1.4524665071801481,180.18491258565885,497.2935707091656,293.8992246858424,0.434806604137885,2
250.04579859838236,-0.02379199333479129,1.165452906351096,-39.98522023732638,697.388243238432,420.17408879425403,0.21115890800290382,2
276.55079863988715,0.3962417510791876,1.4310817908238733,22.865228373448474,751.0950875740086,8.7491069936943,-0.14021826099638834,1
383.5113214735764,0.3635004839621476,1.0835567021487298,1.8852340514258685,787.1677407827301,24.502322485636775,0.11486279349310002,1
29.870485799949105,0.16997856514027979,0.5172730920952204,9.536663416424076,867.4498213355581,286.3851383434729,0.329449238320544,0
328.8583739273465,0.32101664718821066,0.24751089115119906,177.1086379698438,487.75172881729355,409.74784269302614,0.3558941932125906,1
219.3335269265792,0.16047898863602109,1.19455340868291,67.01726355857254,815.1038727309327,163.36944528431678,0.1462179369346311,0
334.2223786561355,0.21179284400137985,1.0018089100662821,66.5748532349547,379.0121420617242,174.8071994038611,0.4263232995819107,2
128.5645105010587,-0.0554377839419917,0.16746041735061473,140.14391061382057,723.0245438121556,298.17324874838795,-0.01263209396399173,1
891.622007932496,0.277635210248404,0.6040706522613696,-11.376948998768547,745.1866377083916,137.1064445620735,0.08741908806678655,1
597.6565290185082,-0.03614325818238259,1.4395197416780006,71.8163385250127,706.6339447207922,13.304183038842066,0.429017837398279,2
682.3112959530447,0.31303381512626416,0.8005616039942817,57.496303530264925,451.3888416810918,367.614259050798,0.4273797015301051,2
791.2795262212649,0.2910140438351929,0.7058207904275864,99.22767263666404,823.825888209122,312.82495647072653,0.2799989381772766,0
503.4577769397667,0.2543723488714882,0.7407794472230115,199.88942581260966,401.315078022237,290.37799952782956,0.401286382985554,1
96.05108520654946,-0.08191980973761895,0.39243581360722923,142.36222352051178,332.1808749124985,370.8420644959116,-0.13785871313063713,2
541.7354764003622,0.0515641779726643,0.6161900392107132,49.46642575435679,730.4789943671473,337.6154187810188,0.40549648334544336,1
590.9727068406703,0.031556284955421426,0.6177385583820473,156.88826306851175,585.2854291396402,102.94099408916057,0.024433934585158718,2
747.9850794424867,0.08006820373575954,0.17329702826246135,-7.322909171879957,809.4588119752057,176.24052347167557,-0.07516794130024859,0
437.3429507673826,-0.056178626618080735,1.1745946799250855,-42.38407842275997,530.0382846349554,63.0550708393125,-0.032441114560567585,2
136.30449976760812,0.36847891151553136,0.6831062046654305,1.1120931160682659,400.9671531046277,64.92850670894052,0.09257795560972093,2
290.93814674073724,0.17690112035618813,1.2510518415429925,35.10288902856492,801.8653154819218,338.0978731782696,-0.024165596776872966,1
369.45147343464873,0.05276215532901177,1.2904872015678535,77.64518936488997,629.345778984043,429.3000534912491,0.02439731021154931,1
649.4580689182852,0.0984907585371417,0.3967916765781213,103.78228513529996,413.51747543421294,481.3662919305695,-0.10551505974985055,1
575.0705216222227,0.12360127025241782,1.02029487503818,177.65142930360543,732.2303991518675,314.1735587747222,0.007323735891298949,1
362.5357586388678,0.20029716668030864,0.7611945258281744,77.46350238761443,606.6681830937002,92.05066168047848,0.2005986701794008,0
986.6500963050499,0.15783971384824888,1.3322194330900792,75.31891115643235,662.5877893441918,52.825172724465354,0.10929759566374475,1
609.7170711633182,0.3596959866072087,0.4020369508470357,-37.43924754425447,576.539002923949,406.4254857683789,0.0427031328651378,2
244.85452381863453,0.14848174145291512,1.0489384804340618,-41.272111835944045,797.2253902908038,289.37823817999964,0.3225164901999798,1
110.7646478941997,0.39607900741165636,0.9508529711538115,87.789990479093,797.7376294098299,309.14251050685994,0.42545697997532245,0
161.33054779248872,0.32571247887254784,0.5134220686005658,59.544653312086126,725.6332930946317,390.73104437735464,0.32975245603167785,0
253.49815110066305,0.004255257178667898,0.2912412651116416,159.79509874507465,363.24082643787733,351.6386138662258,0.03240049148237539,2
169.07455952696012,0.36529760732195815,1.012295664668187,-9.830103822038708,803.3123171424413,417.22912642804835,0.3211095174862875,1
194.7013538107927,-0.04181680105726196,1.134036441385263,-43.7570844707376,702.6077883197459,28.106952729939238,-0.09361387226816417,2
292.2442170069086,0.3087248542455958,0.54187828126869,62.259691982531464,718.2144996025797,373.7603183732524,-0.10877740833609638,0
181.63985934180727,0.09031164673829004,1.0027656456312393,9.369639188064369,517.789704242323,425.4263786610477,0.04193892592531123,2
897.797770380161,0.3389871602225347,0.6531832706561045,-37.59640666529064,827.567733694204,143.06752122915717,0.3653916583308398,0
89.43140820502579,0.33402834505372514,1.0984896365956647,131.14957171190724,735.2229601409144,320.22363699662645,-0.027556226930388728,1
529.2662756745522,0.30296270005881054,0.37890138485167435,-22.101750010688132,367.5542799175167,157.08103191848605,-0.1557226137709243,1
416.2928587197649,0.2950152181535307,1.3463010036906442,102.07987500194292,544.6668206436976,478.985533241227,-0.10780332535555145,2
982.5548307395203,0.05233956954902039,0.5023734350518116,20.262437541722292,831.828217176085,16.71178621775188,0.401121477970706,0
120.91851314637182,-0.05954035847437392,0.614900382858614,-6.625987411244495,328.3180210184274,289.8964219164775,0.24364829932310128,2
403.8770430552842,0.10149008938258072,0.1813287329124897,44.93788072982936,876.8499717852297,83.25177352475754,-0.022759185641016366,0
969.7757289426152,-0.01323774250674567,0.25611709724978693,150.36144405573842,707.4975409917377,356.1101025885793,0.1887070777297269,1
866.8520546350404,0.24747554445123085,0.8222066637972593,48.02339422614317,678.825586586026,87.94514170933104,0.16930573569774526,1
818.9013502397871,0.07304986326889276,0.4746297474191601,137.69241230276393,462.33555389279485,117.69163094917879,0.2588051849084628,2
265.32379877449046,0.3878051004299574,1.2696723160390722,-18.628425800212327,449.2750732435062,247.18540552287905,-0.036768711904868606,2
179.17871151616515,0.220486038672666,0.12057074411693539,143.19285491626977,865.2349316931573,457.41747499843905,0.40508209103607834,0
671.9567877251867,0.31124028181718044,0.6307316681407106,9.233331226662159,478.9634725404736,105.85718607398542,0.016557993456008974,2
930.0822292363099,-0.03373766362907579,0.5722837654767298,119.34828247221819,765.3031780313996,72.12001055905176,0.2858921577833658,1
561.1952640837904,0.3310072411363113,0.12705868328464145,91.44538871024909,535.8730789242475,379.4884159270153,-0.18871274753944958,1
575.8965625752008,0.36137859525669713,0.2741157586007143,182.28617930292182,383.55244247082237,250.3097661669655,0.06085999092590305,1
287.1793027236813,0.14353095940946795,0.6790997448860893,46.83062949382851,306.42917861721537,455.8925561908857,0.04619687257116578,2
771.7980038600175,0.2031264688754887,0.7900104182264253,-33.45870279138989,626.5544022091506,73.30727857992115,0.1804391000081101,1
195.17331107194815,0.2824049004514977,0.6660056461568167,-45.211128612186776,885.4672911293596,322.9639465115197,-0.14908461675596246,0
330.4424440402012,-0.012580686369793731,0.8433127497769313,156.71464024318828,521.4817162855227,116.43957307590752,0.3530919616082758,2
431.1820742302526,0.1512830382317212,0.9331843448679541,81.18390941535804,514.3154003958269,78.38021432581965,-0.047553438762702044,2
512.5342748976104,0.09933151388615655,0.11389334957896989,143.8110129587373,506.45497070966525,341.7147075786353,0.2739264704174071,1
249.98563509092943,-0.02681300391887545,0.7497332232349053,8.606400002878672,612.3263023829151,296.8423099543666,0.3622484862708652,2
123.68845649181151,0.08376721114576571,1.4488989372426238,36.270936378308434,564.3989300545761,377.4137291811656,0.19331386936905914,2
614.5138420172162,-0.06591384530725322,0.8266451921813681,-42.47403194717027,827.9487760362086,154.73128822309118,0.31861824470538985,2
295.7442477078532,-0.08709404652525651,1.0485591744425344,190.37308114352803,603.3124750340942,223.98582819109498,0.26330221855050384,2
585.4258392083862,-0.032416855422588625,0.5366094010836364,116.96697667520334,604.6547029131413,202.73583816520923,0.04887085800640531,1
162.81908812146028,0.38155755579458694,1.1835879294138676,183.30127193982656,383.022956832334,492.0447319832571,0.3662009773234957,2
486.3287008362693,0.17476476794750848,1.1820900746265612,16.374101857268087,889.6437245462316,146.12447836969395,0.006290958919869555,1
537.26353822607,0.38291108057660994,0.8298144667157945,102.86590280641522,449.98373452129783,147.40861917338344,0.199849042426062,2
61.30530145420264,0.11624893916506598,1.466419352590899,119.62499207315946,344.0184404757616,177.27410441430368,0.3217784173990776,2
343.23823541198135,0.05590806654262978,0.2757703006677147,29.387425064397107,697.8877493851253,282.29704064516073,0.0652691368687553,0
143.0705301695845,0.15307093142012204,0.1237267308454134,162.0273087539075,657.2198220941236,126.16137213187261,0.011937325332197518,0
72.74122076804007,0.11975584431645506,1.1782214964599345,186.79036572506195,549.0873923956474,457.644970189637,0.12154220712097585,2
990.0606300660457,-0.04716765786912805,1.2300177523108355,171.21377942400107,553.3153403284068,132.84278243313173,0.3725744460444074,2
329.13030652497577,0.2204131573451031,0.26829012076880676,134.76674398484315,771.0383526278588,447.9078657800973,0.45094523420196525,0
811.7757013960885,0.008019091254799798,0.47181596614204846,19.366169931238502,417.4275840597894,51.73753182329233,0.18155838900192306,2
262.0942482161262,0.2097939774489148,0.12457330871328048,20.40401052640793,792.1519913669338,328.28135119982613,0.26302634372655626,0
684.68769500169,0.22510054619907668,0.5106320550927905,190.84008011150948,689.2482683370108,453.49275921912187,0.4322915355672398,0
762.6255812907897,-0.023987573435675952,1.18239862348614,-47.42887601607699,551.3818642677146,84.37471919911476,-0.13101720401094036,2
599.6823532017659,-0.06932518644466593,0.8251447387976104,129.01249331053612,574.8171699503212,484.1634800496275,-0.03754499549368451,2
476.8604266646568,0.29038079303421993,0.5873338304356033,126.56154063881556,453.9883243116575,226.44168020775584,0.2962300043761077,1
417.7225050057958,0.12990021188466008,0.6204350128688624,105.67238523744936,751.2685996181849,472.8575542205122,0.3766211233386097,0
355.3795838775653,-0.07091810224726211,0.10189507600165543,197.52721152171645,607.7248453831606,338.4100218150235,0.39992031983140447,1
930.2338528053476,0.3974331585848836,0.5197207385913303,27.969858940931303,492.51272564990614,150.79343493677578,0.09057502379845278,2
832.3132137098519,-0.07110971950181669,1.0050422382931026,34.99296594831205,657.6300694565701,94.1512624585532,-0.13746206839569325,2
965.3766415598475,0.24751761442927658,1.4638722213429,-30.265149263361113,897.4406712307938,151.8675231125497,0.10644703410973388,1
133.05425125068928,0.39183946263170677,1.2858851577774593,60.69953413593436,561.1573677939323,46.508704631337494,-0.038485786855062376,2
733.5588004516078,0.019590052107962802,0.13303295050374078,15.262131558712028,852.4148404671718,71.93398317166488,0.003837518497636888,0
938.9570522528275,-0.028875315656401918,1.357984846544775,35.846675544411056,507.01010395473963,52.33022017324057,0.340587289786254,2
189.42073550400355,-0.03930753028878556,1.1964777786180762,158.64294756390692,332.83962415499155,211.47177187077887,-0.1471310397818792,2
75.83130469310971,0.05163757378379777,1.1925265729993726,183.87112838187394,422.54526382105735,397.7891881287932,0.37930685223649147,2
743.7094427971584,-0.04947709449467666,0.741194062605,-3.5667319987035953,551.2170859966105,70.6917771081701,0.0993683600769183,2
578.7283820481127,0.24608067084706595,0.6572074101363039,43.127232888366464,431.7809571567414,65.16021658616793,0.21724475177041652,2
843.4104889906894,-0.06885410093496866,0.5240820203664697,182.15764052884853,300.1362229309533,321.7144747586654,-0.1372434381350247,2
148.3746528600266,0.15471106407489485,0.1919728025361121,-34.54788482769434,849.0009226485164,98.59149098403314,0.03615135485009571,0
797.3146387412913,0.3983484269264884,0.4195295088911787,-26.90986797215537,806.3276467385574,48.8050190544958,-0.137209356689608,0
209.6110468472671,0.30698513475300937,0.4452450889692344,-9.302252698442658,745.3753388921682,83.42428910278882,0.47308060601677665,1
172.01938343704745,0.20760971911550544,0.7777078975942822,98.8032085317187,400.68875738761716,461.86569793838805,0.3650831545283753,1
172.62313995168302,0.05312681039330583,1.1464221692353715,-12.381932248500632,372.21814572599163,410.7356263880954,0.12174292804952214,2
816.4289730290683,0.21194791814581923,0.7633337597571251,192.01909536268337,340.5628496834299,177.03228117754705,-0.043478216173430256,1
668.5452484892381,0.1635207319558258,0.18098222922602486,61.67863181463008,734.4175132637527,327.9103836636964,0.4534185736748965,0
527.8347705214281,0.11304169194518573,1.4409057213834855,75.3794900875416,857.2847764127312,268.637836834019,0.041217617008880214,1
365.24217928226744,-0.03464481162990027,1.4198140467317573,11.664653951351625,558.3214925478221,338.562131741282,-0.08731089781883769,2
878.4285354049772,0.3433021076202334,1.1992653604077717,67.74006310868337,371.4844031976289,341.33557623137966,0.19421507191776838,2
398.52065634840903,0.12489232441066125,1.4878590621899088,115.4784081592529,607.4356924392639,314.36700752999644,0.46064188424137126,1
818.4334450768613,-0.002688744089617473,0.8622752659203681,137.7942842385107,509.2991444751781,133.0506842686543,-0.1973187966497742,2
444.74355948451625,0.0838796754386448,1.4478756903544885,138.46702067747825,524.8949546099986,19.503210381409065,-0.0333126097222009,2
383.1749851306585,0.10706487626446351,0.2058470568634511,94.47277817352207,672.7983744934244,227.7833909950544,0.4569133482872853,0
468.0529878129104,0.3137689477834371,0.6119530475659198,176.0899437484643,731.2308679573214,445.4869423453519,-0.08023982319998658,0
308.36409542250067,0.266807190280701,0.4155337752094721,154.35196182652734,366.3621593238965,284.74862925928795,-0.12072958385212612,1
750.1332863744886,0.2846524468206699,0.37416631778797804,139.26202867465636,321.35413848388583,416.195520850954,0.19913105105986312,1
507.6931861915544,-0.0944843677856764,0.2971241284497465,-36.09861957988484,896.5981816114289,495.8121714806141,0.4032906763063809,0
239.89056819534912,0.10807699908988075,0.9713790981923952,-48.280509445087674,439.6370093493311,81.80810206913813,0.13397687238574824,2
900.5788275418228,0.1406720758176618,1.193850598046227,3.111819298868241,332.29831494507545,345.88881957099113,0.4961949796791673,2
390.0523091594793,-0.09040386158847166,0.9096177591885048,115.88089847836306,413.925197457552,337.1467868500123,0.27542018967659493,2
548.1173325028487,0.029906604372517104,0.30574779342349356,52.79937222063646,323.37470780907853,489.9777236791392,-0.1481475649526866,2
907.4073898549015,0.28014491156106747,1.2355732779068593,50.60156482482793,535.086536770303,492.8003669764002,0.4949824921773827,2
627.9956159548522,-0.03144514713550048,0.9903365900292198,171.14672205740342,781.4410706707945,343.33930586206475,0.08552596574613325,1
125.72906030128043,0.16765506572629582,0.6434319885777937,173.89071203295967,504.7466698546324,121.80739599109714,0.0011817736918377508,1
940.4338023773404,0.007600936008618747,1.043782413750488,177.29381601339642,566.5100441270199,399.2779190652995,0.19051542850451986,2
631.4309725407037,-0.09393961267805337,0.463866970939966,28.46951912875683,705.3520641404632,53.51456710551905,0.013015314274605005,2
341.5565585105153,0.020600728799770734,0.5832690918918947,122.76395318481545,605.3364420419282,390.34965208581434,-0.13947974501589339,1
147.87935193675338,0.3879368774550269,1.3844801803847864,17.90829531859241,816.8674116127945,455.0980620723482,-0.1990001598445763,1
796.0849373775931,0.30076855594149476,0.5067063079399885,-2.347541731387551,819.6214050274539,191.41669738421763,0.11470834704418359,0
623.8720283692284,0.3797883221605167,0.7579835754211112,-3.841885663157697,305.9464172946922,315.31764749154024,0.3858043955586145,2
538.1264810565583,0.14392702196318122,1.3461975923544205,35.52690521589851,766.8277838899195,215.07136604841315,0.20062062994105356,1
894.9536572204481,-0.04513190066124825,1.0908098903745385,57.489404944955425,576.4401601450043,218.88252749406422,0.4994451092604086,2
790.7112391122854,0.17397974448684647,0.18708451663058384,157.7372927637671,893.3043247821978,155.18544455406,0.0007926519530399578,0
160.15813093542366,0.12718866727998043,0.30622426199055847,-20.027226631821975,589.9392455252611,381.0648102251623,-0.003681454667961298,1
318.6048471175927,0.32217854136980795,0.11097822708068356,133.73146184872354,892.1375672329785,468.0882820832526,-0.08817537783623908,0
256.00424841632105,-0.05095870960787771,0.9832905063208287,82.86372854732633,752.7416167234419,470.37542961723057,-0.0851554882142654,1
746.5068296469502,0.14412056851088909,0.7267427955745855,21.986335668998123,449.16293076798377,87.39064243746691,-0.00036938279296655496,2
43.197110388421585,-0.024975667653007877,0.28798479126318577,73.20489613320615,623.0369875721747,437.371824828283,0.3549880316914689,1
574.1907880226033,0.06233796344502998,1.4411077694794787,24.985517444255663,895.2813836871496,368.71572071356104,0.4340297534455135,1
764.8340988832837,0.2686785386938998,0.8415236135238677,99.0204888095765,814.5183646511542,126.41870034514463,0.4825610187953769,0
877.997980394132,0.13800906468438326,0.4386506117580449,58.460980713811054,358.42013627473267,33.642306460757275,-0.03739724213248319,2
348.6609312287484,0.08794414257288466,0.8008449996165905,-8.898617730280314,723.8231980859977,133.99863344218898,0.4169082819298641,2
823.0447316252927,0.09723813928501765,1.0514684658291509,-20.85423136107582,507.34775152248784,456.10411839076284,0.029778562494135907,2
119.52541958565516,0.1297233842029933,0.20673490516299026,86.67392051803253,304.1893571282089,316.5893374478861,-0.12101161883818093,1
847.987768817173,0.29250827191852846,0.48458534106704876,175.60325832152586,542.0885814161998,360.5273304489359,0.4090174478641159,1
136.21377570866258,0.34604234447011717,1.229751687237591,35.989421639421394,440.8526530349828,128.57617555454792,0.24527394425053295,2
403.3144176547636,0.37766734325196416,0.7435308185637257,133.2500268056558,791.3215623122829,359.69407778741015,-0.08468837274325682,0
799.3224121217581,0.2934516931276475,0.8652079988452128,114.66533873494174,502.3983653074593,14.060753138961879,0.10088188025910177,2
158.41825307528603,0.05770344787400636,0.7059424030932568,182.88872857737024,796.5142163722903,187.6606728865069,0.0010803864139473374,0
236.95888128031507,0.24406735304327107,0.16145991970020718,155.2452543247852,300.3587633008772,313.3766742711656,0.3157561980971379,1
725.0300427091356,0.11880156202769596,0.3320496917482183,91.65131472636574,484.6914900156715,73.04828277066011,0.11739136143698758,1
722.8361711806136,0.027335311023025582,0.7237582942386472,114.25762455852683,444.69912858465716,411.5017872234674,0.49249596157446945,2
644.7361565564444,0.32043578971296127,0.3928596515710989,174.59661664600873,440.14041664116655,117.51564940595932,-0.16167851241828343,1
697.008960022429,-0.08078682551883751,0.16997064012355023,49.87969614673369,340.9119718592776,326.1405564092231,0.04851068629537264,2
547.2971989141203,0.3508809960677117,1.2811095296725532,31.698676464444347,412.274562246301,202.59857128766484,0.13733011697698416,2
259.28106831788324,0.13073873231236707,1.4736695408297622,-47.29722909120092,633.3297419313719,298.0217977388236,0.1521934883238238,2
352.23903356888025,0.2186007384041402,1.2104000235954353,156.63776854786605,474.81664370264673,53.725276314454064,0.021155075669945705,2
189.7817396334114,0.22967696110289135,1.295298890386534,150.2451751008412,550.4368693974887,8.456399960803662,0.3104681743682976,2
909.366055720292,0.34755887035326816,0.4387679824438635,-23.886370474962153,526.1201282083131,454.78221369015057,0.4123229514422823,2
587.5578768184592,0.21833484108360365,1.4448777657184797,94.21434528317505,825.5429549999368,134.8150043835914,0.45710351138450406,0
406.8429025960035,0.20696679238003088,0.3756959862347997,65.99542454172185,843.1793994063092,409.8385013902295,0.36356536375966825,0
467.3857456076914,-0.06667397971965502,1.4320017345065652,-20.322726122722134,595.774182993516,499.6751502361001,0.3954061381146195,2
947.8105062156972,0.15920401097260203,1.4927470115523314,195.14205676518088,498.09357018936265,105.71562899945557,0.18538171043399682,2
161.8178890849194,-0.02491549959147918,1.0964119280444682,3.6739718658388583,364.08042240141816,132.5853705916778,0.3781217584987701,2
590.3675336966293,0.2687168843607428,1.4736012245085506,-33.19145497735971,872.041727629257,331.42989381733287,0.012452736403566533,1
510.8297920956213,0.15611096040633723,0.8973556913939451,98.7118448754774,336.13616694017844,482.72431730031064,0.07893513347645004,2
615.3396930803013,0.24011388960417665,0.4633584964465265,134.71666928325817,478.59016654096826,457.90717409537194,0.021839109672981,1
27.929081982632102,-0.07916354969880787,0.7117942399318692,-41.88913848820326,478.8397207020025,251.43776003279245,0.12717113481354775,2
873.40266985471,-0.057603991977098395,0.9309853095303002,114.67940968175554,492.24077168412896,397.5551412633623,-9.426863295455834e-05,2
932.7970996587762,0.25816169403134115,0.202314186837821,83.07296898786362,398.57210596344555,67.87292654995053,0.4731280095781127,1
569.4818517533168,-0.06395783200066332,0.9712805704641445,-24.183747781237898,769.8968585542183,488.71909210200613,0.018991239603967675,2
699.6843156381233,-0.0643716361173707,1.4736489714672123,-6.869030763409484,373.49871717959354,482.17661701799324,-0.13136882332234212,2
923.2743873655228,-0.09394576238255628,0.36615070969721863,91.99357432902013,680.9439954918977,81.86447893958548,0.16877201623528937,1
710.1662479702646,0.3782506991497401,1.2096331628037367,24.08940337832209,374.3076160234905,149.71156240155332,-0.16003064508837656,2
161.01365248511874,0.26875417972950344,1.3710583112914672,184.578932162829,342.32138255577394,50.077498753383466,-0.12261978358399366,2
580.525476565145,0.07662570425103207,1.4211822299483092,154.6850573710127,845.6577022115259,135.85879944908984,-0.04642742756262763,1
610.6478959190273,0.04826779064382761,1.4441898461676261,195.89180162841575,414.0772597912234,407.9778947076033,0.12504517491749917,2
429.8893645893622,0.07485161487292477,0.8300434942100606,14.917709737603502,792.7500927358226,189.15780358262973,0.10327565261631949,1
739.0797932684756,0.2873267655905909,1.4682310711881053,192.43090819949427,626.7785226642815,44.198483573379185,0.35978430340195383,1
935.0233446213247,0.2306853055352072,1.1602342899882143,57.80846744788947,346.71391176526174,171.11276238945229,0.3176322577188793,2
926.3128277777085,-0.0074022160662660375,0.3263400107317467,36.87969882843866,873.2689148628405,490.69166712064003,0.09842280579349089,0
456.3309776900908,-0.012945332332957832,0.7676601490551579,-37.41261825766169,448.1767001951355,314.84179762960144,0.03359294530294091,2
122.1056653823477,-0.05080217514330135,1.1056636455208055,-36.80868553509934,815.7872072115639,208.08047320307887,0.02152814884304899,2
984.9927869727112,0.23015135985066906,0.4462764421467167,123.00281398666368,401.2860034707385,83.269256748635,0.3417965611058063,1
840.5091055814747,0.282186331110868,0.9968612569684422,64.48224860850698,812.3657292851117,493.0883986418474,-0.1635493156451112,0
133.41605439123418,0.03252321416250201,1.0332406706652668,6.630406509026429,307.9372877431764,410.4245046315644,-0.19102484534257594,2
921.6334637911986,-0.0895275194845436,0.3277796413319922,103.49257658130816,607.0682739416884,140.7386512254597,0.3568810743486536,1
871.197398441507,-0.05891416626178633,0.8911194374338587,13.214529562527794,761.665547652934,35.03434786059473,0.1340024631923345,2
523.6496765548114,0.3839300174225152,1.1802776753700508,94.40793858610564,860.87731049567,28.312778688779016,-0.10838320301249683,0
595.3626813874799,0.047722388738710125,0.7984539303503186,39.802186745672586,845.5212817238922,60.18907475276691,-0.03510384578384915,1
405.01267683142896,0.2846115739190668,0.1169443634865504,155.88805665295476,791.774921728587,290.38429180721084,0.45275276716816776,0
64.21402243381101,0.21233178442713188,0.11265385671100905,155.17404019169481,832.9148097967825,464.3817106027462,0.40165208293742855,0
341.8452692294419,0.09096981982644795,0.5998410815580171,69.33759953060033,419.5318115022459,248.37171400299223,0.29684953515678075,2
804.8249141120314,0.002843631097777549,1.3966716958044947,37.704777333753896,470.5105774270372,421.4727412280986,0.13755766123612856,2
14.58570277455683,-0.03930679092029679,0.42014749144505226,40.639949139773634,473.38111495263513,222.9433099299039,0.16422653833397,2
340.16417997423275,0.2075064840194333,0.9881091644203619,151.42863141705448,526.2323586010193,354.29177288391264,0.482671174698771,2
404.1870066550339,0.28731689031889396,0.41090621897064883,32.044870699403006,535.9924022311133,365.93636864325043,0.4760393107190009,2
542.0216469085436,0.22195212677056533,0.5503379855233681,2.264843426711508,626.7331947928053,86.98185295166932,-0.04931166794991604,1
920.6570602486329,0.16515106662457915,1.2872589254420777,-28.827914531173292,395.92785801986486,180.6080294879059,0.3677731964137227,2
352.88253442230166,-0.07902438828418187,1.1204060191779257,66.6732802211021,714.7479982715936,318.651078269012,-0.06193013368308825,2
353.4836698772654,0.3842443887971919,0.23355898823849489,70.53302472996047,400.53992358270386,35.34830409218309,-0.05052376548123405,1
740.1262356286509,0.2993570958272873,0.700182829381007,160.22717760072678,486.1850892627285,180.7700938814783,0.2732651239152037,1
457.6957614809091,0.046411018350482364,0.14083766910337026,5.309674111515996,602.0070783636925,267.39973314059625,0.08350076901128384,1
232.35877471058214,0.38998516467942534,0.7732462052442125,45.24781841709998,777.8643369140864,498.1122465223193,0.45208108497456406,0
457.9151209713665,0.20094079481816104,1.0274076163814954,152.10143472342273,743.6815399432364,237.26678131122037,-0.13769318557279384,1
149.44845017600187,0.19121132910362323,0.26590367303741214,155.90590268724338,687.3206138463133,408.0283785571618,0.15806794856664508,0
184.62311664116106,0.2740365897147661,0.504438914472832,46.15276899469205,393.4639563481021,216.03364253330886,0.44296507131018487,2
503.38409501208497,0.3058848940450688,0.6569712757030196,64.78100582167022,628.2272073693466,398.19536130985443,0.43287956233565356,0
424.7361950095024,0.22823930366575132,1.3873434345184696,25.821472712320727,352.46790107993127,297.7074008100542,-0.09042955060898117,2
915.697442057419,-0.03595212681689999,1.4905570215921495,183.13871960482803,526.4179060779904,443.29772075119917,0.05664639006751948,2
368.76996012546675,0.06913375299724919,0.1628758185938622,-20.339058564604922,548.1099181739755,205.47127617505495,0.23338498003268732,1
584.7824667752631,0.3640418201630249,1.1654110928935488,183.43735575036752,323.8868636674523,302.15220991073943,-0.0884235806600185,2
635.9416450403351,0.012307805921925957,0.6204136929632805,120.96661295883581,464.39285968198305,315.0093403094137,0.477615520432017,2
22.9635120224503,0.08608351191875666,0.649441460721272,82.8930381716828,873.3896803598936,208.69147090023665,0.4403245301093622,0
666.9019982965435,0.11603844147209799,1.1559709626858319,-41.835234803876034,872.1795646978137,72.15602184374076,-0.08313487467587159,1
186.25560720105392,0.11970249484722609,1.3857970050035722,68.89904795550207,511.39623255152355,46.77970345616777,-0.11519117711731022,2
961.4596142947606,0.20646979124726275,1.4313000323035678,51.937026250683076,325.8600653689944,8.33577529981655,-0.1402140620342143,2
157.17610047558182,0.37153791887235377,0.907971620453649,-9.695297006219363,407.45696359690896,436.76713212260734,0.4366105648256417,2
420.4778824897535,0.020346355916252473,0.5999696230207039,114.10240087516422,535.3306760601241,118.23745611934727,-0.06446333314317748,2
94.49617139785742,-0.039249311849540974,1.202568720202291,192.78772684207144,868.6678187815379,105.75337464088402,0.09139944998104826,1
996.9055093274878,-0.0012647550700313481,0.4514019365672204,90.54720276613128,384.719438122311,368.01770021303275,0.11419595595640208,2
507.17306022793014,0.3434624501046347,0.8897036403669248,128.68831911098644,758.1095062009274,160.0080565436959,0.21930773094949724,0
599.4311671468433,0.222905406327603,0.6020098461348223,-32.8873868584958,365.20952362481523,253.0223462059183,-0.14978525937680254,2
76.4057126145432,0.04295339461958006,1.0192835031910266,54.41674895424869,888.7545464347661,81.25553264872815,-0.041268967819638847,1
752.460865695186,0.3079734694843086,0.43655847805090964,-20.91037870887603,528.9698994654809,479.8728607309846,0.4520432708432482,2
217.8065371646299,0.33068499818171804,0.3682301240287561,103.19895888412759,765.1407233394336,425.79070000861867,0.43588707508799857,0
899.0737465463067,0.32325716934513904,1.385534721345612,184.62053955353863,505.5546496866791,431.89481148250167,0.34690345318398447,2
213.08824407718708,0.35946326681977725,0.24252515612935166,115.44443311790963,676.6013262952852,203.3868742860026,-0.1864191280672492,0
198.7808434570299,0.026120510086680787,0.8083410708289043,-30.799237921394617,415.209650844022,381.1806068535864,0.02890473794727144,2
46.18417116961393,0.2775209643731391,0.40919389614821244,38.666551246270714,387.6126115781775,71.93807769489008,0.2395711147400354,2
477.34627565889923,0.13026974863707,0.15450194865593442,87.66584486021287,862.8384837408788,4.309501295890139,-0.00736685175856705,0
569.1927219299903,0.3209992764450308,0.15042634560799695,50.80193903331305,850.5883667426601,9.986466289014063,0.43671068653764405,0
75.05155303406885,0.26424533858080657,0.3453104809481583,158.41100261879308,832.4813641277294,293.30086870228024,0.24372262328270927,0
777.7723405280605,0.28822372324986234,1.3134784963084003,153.6677511774973,675.260070099956,227.6974526239704,-0.1496652978784881,1
458.7559464005473,0.22808091884053575,0.49547024156783726,102.95775502580537,784.9609267297669,259.00767445425987,0.43630391218499204,0
529.1463666343043,-0.01128561526514657,1.430642838805414,43.36448628317632,341.4221621468249,3.7315702086097025,0.4704366607233557,2
446.3551194688459,0.17251345944846916,0.9142712101848709,13.834093440811031,500.8734251344075,211.34330982871285,-0.14560130712579217,2
406.7554302665727,0.39233486976225407,0.7112598656762724,-23.53142044671767,488.22187485429373,359.0340806004304,0.17265216440292042,2
564.0439279951357,0.3686940332485594,0.9121243685372363,38.724420871638515,681.387193171568,221.34685098371793,0.012354997549919283,1
163.6878434714054,-0.07841313210149417,0.8233777393167748,53.29312930192988,513.5746640823843,366.1096031561111,0.0749873535369816,2
190.1088491903184,-0.017592592135281443,1.1622867552602552,118.95573127601841,389.1040689862085,116.50948219841739,-0.0742441474312607,2
863.1677648033822,-0.03413561327271905,0.49549449236199317,114.53995607439336,657.8802452481262,406.57100224086275,0.20465047140868875,1
946.6543075122964,0.26298995499264777,0.5942705482404234,-32.47296508968576,788.6303524014488,294.2156202267262,0.47058554727422336,0
379.5762231169554,0.30889266492847256,1.351732023546551,48.81482885778945,529.2740966759839,105.38154971495311,0.15215082019012632,2
278.03722641211823,0.006755683155335951,1.4250391184105677,-4.55528319565952,379.36122905908906,118.36023792691647,-0.1419597930238632,2
647.5595478066256,0.1529263464759145,1.3495815184810642,-10.796823670798581,418.01291838769384,314.0152322847685,0.23400093343418582,2
414.6468293871154,0.3203515140056,0.6872271915402389,156.82553743431149,442.4899831016304,414.9697966062217,0.03815609611587989,1
35.13249210374141,0.2664007723831253,1.1925117042096343,-39.52119582093562,479.93855579672174,207.8138910145776,0.39914763271390846,2
164.59107139252845,0.17111860274592414,0.7668700266215382,54.795718975530335,685.6770423037855,129.1502145637961,0.10427470382152915,0
718.8125065589236,0.19517384522938644,0.796555793004543,-7.949086058370455,660.5672907226315,433.5058034553002,-0.06501227374042809,1
662.3347024910498,0.15418027345813998,0.3865521526801975,169.8325539196185,717.6479169402235,334.63414587541746,-0.06622606411619855,0
36.825032578448656,0.04877422565941028,0.927582424561923,89.26012831875877,517.5011907189079,224.04274364153827,0.3381349265048122,2
229.75244031361996,0.18251099642950805,0.36059025685468715,7.845159094212008,794.398591127987,243.95009763965092,-0.0140886811848481,0
238.76404862219067,0.24444265102504534,0.5641905786940713,75.6068217915941,422.45259669345614,102.1282339681982,0.337063375911456,1
675.1738161627411,0.3366614579304038,1.2970422822679093,132.87158992577895,581.4244485108924,313.40131503242196,-0.055878882463380464,2
29.513432376820514,0.21814567698962403,0.38990613289519727,189.52950222985845,780.5632329248582,179.3712552714443,0.02518045809091654,0
113.06749616472811,0.28056076852157896,0.19962159924280592,5.111501061354737,408.0951886395716,497.82258833717464,0.12584088070778954,1
801.9169245194574,-0.01996418252271351,0.19661062965794282,171.5454430323363,365.9178682444698,240.09175763094393,0.46023709478541547,2
186.75921543379027,0.13077873720989494,1.417098328704351,183.57602854187257,830.2103806127939,242.94280309480658,0.4522119973276772,1
656.218646773356,-0.09533419008645336,0.8096886131465684,179.10513613301654,505.75779765551755,282.92589370533597,-0.05518968720439857,2
245.80095323625926,0.023339432260811505,0.6731769005438256,108.85358921547746,710.3220749454192,458.3780015593734,0.05075332887015094,1
108.44697883175171,0.26323085755650244,1.2352300134110858,107.45516360867691,315.20916255836306,400.40904992987515,-0.0954204280823594,2
250.74046908945954,0.39590497567468175,1.2701562990747224,50.802658295955695,714.0281330456698,225.56503489892071,0.15698955551944793,1
725.0442625371026,-0.05041095020639205,0.5650674463618465,138.09947057594698,489.66078692818235,359.349632986398,0.12240778548626657,2
857.1395034252229,0.10074715793064412,1.0710652804633134,82.82350458773297,333.44451215246505,293.1177493903808,0.43053211371551264,2
831.9176659213217,0.3000354843495797,1.1795719421926412,119.35951780707362,665.8876569288702,246.18352435062445,0.45100376445375073,1
403.21169432227026,0.002017817314449416,1.0165109616123362,57.11447596219887,444.482289643904,96.15788639217526,0.06849717370510444,2
671.4042852049397,0.17754247465114312,0.3122331047201391,132.87411601078477,532.084345231128,231.96813172744547,0.1442165601132926,1
212.93445246166277,0.2665356480148374,1.3262363169238798,156.11787940113726,348.34848737190816,122.90929351128732,0.4273653744022931,2
300.2162529584031,0.2079927251300895,0.8547323738304121,-13.390935849295971,388.2979506569672,457.4210749258273,0.364695465421543,2
897.3724603359086,-0.005987632692291939,0.49546139691800517,158.232428893557,478.7863412975063,167.70340674817348,-0.1974405820587455,2
22.871904275628673,0.0776922843428697,0.6953194596127714,85.0741329475768,353.8557003360943,476.1320072666861,0.024041694928507717,2
94.6534455459234,0.29189589224269863,0.15259952655847034,161.16647727255608,846.4957588117892,266.5276450473556,0.09524196935528811,0
215.80739259456703,0.1771132570660083,0.2790135217113846,57.82542658525365,303.6282259103871,315.7721893380802,-0.03919860142173781,1
36.26688183508152,-0.09738519322854364,1.1717654507222053,44.76012134575876,590.3161313185868,271.4702222446639,-0.06029986887284289,2
189.62108073889934,0.28049538001404695,0.10001628865751261,178.7651831293056,373.94847487953086,64.69030848335045,-0.17355084538302423,1
587.2111453599953,-0.08234432252988047,0.683192159875209,12.792316887100327,484.6074536867691,187.91060950397048,0.25035880754883233,2
427.210305086573,0.27286689136561604,0.8315142535198238,161.05308132153579,855.6357358909593,49.573056138811964,-0.016242796661784076,0
893.7449939662051,0.0012402800826187,0.1764881880013612,71.00514312735103,397.0167319643921,311.47702209169086,-0.16335697509808084,2
819.2691261210565,0.3790367400596901,1.462309428161266,78.52386063781492,879.4993918309996,223.43709760021946,-0.03831448263035547,0
348.3991781808972,0.08397037565104223,0.4165754637495407,27.117070372371003,423.47662619365303,388.99248578546843,0.3613397669852885,2
266.82919909697955,0.06346580816903954,0.5258782074907932,93.26055015475393,744.9396650800977,110.23524049968492,0.3960424271525826,1
385.89548408559426,-0.025555974833777667,0.5255195171570383,31.302799069052824,628.006358938387,82.28302921466747,0.13814637163531185,2
594.3919930896596,0.052802107745107435,0.4225833269642898,-40.18264643958692,830.6872365580555,203.1661154818839,0.0912494692860803,0
275.3830044146475,0.33832538091410025,0.10206335092083599,17.999651336089016,632.3959533018785,463.29269160919057,0.48449758545124716,0
627.9074187706427,0.3981671688136237,1.121082711723195,-48.40523914835233,620.7355314937852,355.2109075062059,-0.05960473828835108,1
415.31753566932804,0.08415476525342416,1.4535836997189995,194.58869676421415,417.2748002210399,209.46181239645932,-0.04924850200177408,2
556.5267090434604,0.12430531547727128,0.4140108765990631,191.43680245493687,399.7376172309952,258.63608487715527,0.004307023925479797,2
441.7652638439635,0.26103546910136854,1.0282660685247913,48.78882436807626,849.8934906693086,42.10650558854917,-0.0790698772032389,1
301.5211019464985,0.34309789023253723,1.138654857742201,132.0927135849115,496.70291931002043,492.28794818805653,0.0655559187429306,2
948.9687738925351,0.19652216709339207,1.2877955307267346,36.45152460260624,523.2493529777375,333.20365234745947,0.4375839588928276,2
765.9697362181632,0.09576284908891466,0.6916808758190527,117.77328927149401,755.894195057033,142.70203423171125,0.23074348844000198,0
148.712044008788,0.10631092042431187,0.5241032678966009,151.35751076149478,503.2940894536844,292.90419710762217,0.08836258402858455,2
869.7832961389337,0.24780907324840343,0.5554131876322436,186.6890611730602,871.2374679834016,54.741183034496984,0.45408755619985025,0
492.5568862670185,-0.09839086819786066,1.0976698663379179,50.053068962417996,742.7566613992801,482.9183344037918,-0.16607503726692438,2
895.6067046251505,0.20979466872992034,1.2434912531078905,145.82449573901192,658.457545544052,87.39249394168297,-0.05280667546869705,1
801.8567033878421,0.07774650522067869,0.35425955485924376,16.482112658029692,828.5370963268515,324.01515902760707,0.19612202357123126,0
430.9613694245411,0.29709866563854215,0.6193174114208713,197.58307594841207,329.76354500968966,122.72723126946522,0.23088683623522538,1
32.244615236916225,-0.053504680088433926,1.36271627544881,-43.557600308912214,454.2376153135252,358.7806913242679,-0.1723097454061708,2
275.99058579109663,0.19410113347419525,1.229370927572635,100.88220162528023,579.021800532546,388.4106836201405,0.08212713053499249,2
546.2178725142583,0.14048644494306187,1.4788017638674662,114.87649541283179,436.1871236829126,336.70986445571634,0.25440777538161086,2
637.1434376278858,0.2211627629526137,1.155947563554913,122.01138926853221,746.3431123812911,307.24973012759625,0.2886493824823811,1
265.3088085788703,-0.06757320275851583,0.6504732814390911,-19.90310530272775,851.5248186322351,446.23454697600584,0.24669793176138843,1
147.96251333209588,0.18999189371406563,0.9268929675924928,184.63244586828262,554.2620719585541,39.31335549487902,0.024394257052647167,2
836.5809344313061,0.18074229397976185,1.0254199559462485,-4.704180237479299,505.27956006713697,165.4573828900976,-0.13453591348146338,2
984.5581588965166,0.18033004720808546,0.2098381428439735,105.68835080996027,876.9304392825397,124.14373981542298,0.09897871249353385,0
530.433280479659,0.2017438332982274,0.8622957427454111,5.669019780771237,566.9114596965245,494.00698103271077,-0.10987189384236118,2
179.96249298982048,0.2382339686131811,1.0930491598616534,26.804104255317725,593.4290402695699,194.69488983343675,0.4633365609644669,2
279.5842532541753,0.3024944998403849,0.33424982560148453,86.6146354320311,510.98992340514326,366.30634962019934,0.13261960621583974,1
28.206769781992065,0.034910360064107165,1.19288440439578,54.298354641144115,845.729083807283,342.3625819405023,0.02208142204980726,1
915.155818494894,0.31252470509003105,0.9172818927197562,-9.943599755873429,641.3732899691104,106.04061873868886,0.33641284978323,1
126.57357206123973,0.1491278411317268,1.4331104999766324,-7.26589939478793,757.3047523089867,119.49884010577566,0.1485640148075847,1
580.751310759111,-0.06147086043283442,0.15939121748964838,54.53619704069992,787.0840310105318,140.64228177651705,0.01702381680871501,0
281.3146684803339,-0.0707245353780104,0.4714565925776537,139.32074456887517,505.1094251503549,205.56363912968962,0.36837741967356114,2
558.6362224906355,0.0671191593480304,0.9421754310197537,174.49116171194714,560.2165987922281,117.1625328252634,0.4070065057007853,2
654.9061844683456,0.2924484885557338,0.5151838770883029,-28.96808443515429,809.0830646437588,9.825741373423902,0.27110571640207387,0
831.4443856701296,0.25384046737045785,1.1001938296997391,48.27597688985027,517.9532110054861,439.69652840359777,-0.1671249043146329,2
214.35705904299718,0.2943074823362032,1.1626073955307035,-24.938609069280844,776.3610800711108,482.80491569044204,0.19642601611657245,1
20.88587037189567,0.15863452822080468,0.24352234969306422,-45.85187984185053,864.5953935446622,170.78519351578396,0.3343064383980971,0
145.5167737681192,0.12009949897774527,0.8193962498894748,115.42967066098916,673.9262238408041,169.25343971273642,-0.10444789154149249,1
901.018455429624,-0.02627373664685803,0.8124467778274782,100.61236049164694,744.9763724711333,3.5459063871854934,-0.03993047403077768,2
875.1511767868901,0.06409637680465577,0.6169930783017574,-9.24522154627845,783.0583872246809,340.125344165187,0.41774657354769545,0
601.4389711486052,0.11700968308693763,1.406094807597541,8.453208273266029,807.0237893379856,412.71994787431436,-0.1859147947028482,1
604.5116918293169,-0.05569978516019139,1.2585088478225097,-44.0730615888704,537.0320027140776,73.30415018000159,0.3269089964781831,2
668.3863078007929,0.010305976355605623,1.0760931346734914,158.73680142360092,330.7580755055989,79.83317468357536,0.131641304760096,2
183.6175658372151,0.1991126470318694,1.1000572900289967,193.67264901213787,541.1257627420437,395.0416249857189,0.11274051118772477,2
915.2678264657102,0.26783155711959494,0.7464026013383667,-16.135115801327302,704.2537378704538,308.1453741770723,-0.195032427253579,1
424.5828196431524,0.39917375569647484,1.3893923295352062,7.8688034413245305,570.2102314684757,22.430278813858507,0.37357876167654486,2
389.3071429670025,0.3665566656717788,1.0724335981545996,167.10238098673352,749.3778905162392,311.2734952311408,0.051877430445596506,1
523.7285282300091,0.22128259976759576,1.1205734863181431,181.61594948904622,514.1894576811983,154.45886142188303,0.17853594191037997,2
56.496307107304496,0.110624026647036,1.3063672653022833,54.90684570170258,680.8464846624177,184.36257773542297,0.27411048043496156,1
174.62053506851862,0.21808868235411635,0.4837002250790674,-37.344381932731466,411.8518829123848,384.8657091484401,0.291840703506541,2
740.6532802621067,0.292825809040116,1.2298992654133842,-40.15204157679515,749.6216619869742,405.4675963363053,0.4691860411782505,1
91.9706812458752,-0.040831904538306346,0.37333684413908885,93.48746651725261,627.4175812878154,200.17831341991533,0.17193796726562632,1
607.1205883717244,0.10495244484814412,0.5834787331428429,48.22377722329476,422.4386331279603,473.57646800317735,0.07980368568209928,2
252.89561858450776,0.31990114281780857,0.5698546359777797,-42.83689310558637,475.1467040986844,203.23135897603612,0.4675925385441955,2
395.4026579015568,0.091916475966522,1.469935655744797,95.8130980781392,749.1652251490993,385.91801761505496,0.24947716451786472,1
295.80679940299285,0.18593613561359326,1.2991521132470976,-47.17436585274438,589.5607413969124,241.93863228212953,0.00870524939358891,2
362.11598930029965,0.1938846804310991,1.0816378062263636,146.84298953731823,429.6188642358433,448.76616326104204,-0.11147502821750022,2
721.855446132403,-0.007761873433180327,1.117879466261546,26.608205675842896,880.3627142221786,453.8806218250893,0.38978815102562686,2
304.15049846694325,0.08111772082614419,0.8869019121635995,-39.93549924769198,729.0750118901328,43.70840393554193,0.05352712195590609,2
570.7405938939282,0.06725564437096607,1.4259269339519267,97.08805524578833,874.2808995238777,468.24666565511285,0.26232880495510175,1
481.2898981771087,-0.08690164573396761,0.7947622540353061,49.42110360826368,556.263027216206,412.7674207602078,0.12957149355612868,2
667.0344537090217,-0.08790411805432238,0.6327247938178523,193.45010333928738,585.0602044150323,395.6553571563334,-0.06074915414347318,2
937.4614419315104,0.3158485218378867,0.32824947170422736,86.04966562592554,838.7731297110115,100.45566984276122,0.22118062603432553,0
735.2463762381478,0.0365354049864062,1.2006879131654813,18.80979525925207,615.0296041472308,402.55960437733245,-0.15752185173452238,2
222.79097480484918,0.1590393831194077,1.128221504905828,127.35971615849368,724.3673471434004,425.0663673425184,0.08933972190983452,1
40.871303710671825,0.04936278679438652,0.6380970539337888,17.873000635677826,451.30372649731794,144.57516722707547,0.1826304577645697,2
269.64140385682686,0.3703396225576703,0.1352707795429211,176.0608228518913,568.0358812215843,476.13003918116186,0.10523288188300534,1
599.1271513932522,0.029648379432886868,1.274596258805215,43.680492626844114,374.06991948621305,24.930073199582125,0.32407052267569353,2
60.91155534940785,0.11482840636946753,0.11598517683570309,87.4671406940513,423.588021526177,74.95462662356984,0.37954746818171864,1
501.402584729224,0.3363651252423009,1.0851796914806713,-37.35672404394278,300.56604916057864,268.7905690257572,0.3398701518232246,2
600.8744204277203,0.32096678339590434,1.45835995361648,56.530309488057696,323.5590309891961,287.89623556115487,-0.17283093653173853,2
340.9014519087912,-0.006949291076861347,0.7127258594074848,158.09088491524875,886.3702939061576,322.5750416504517,-0.06410986068781949,1
773.2030817083637,0.30132165489785523,0.4289627669943339,151.41220134083548,445.4122170820574,8.484564657733229,0.175625256484642,1
115.53227060243408,0.12909344336894632,1.0868194140607343,6.07963971338156,697.9864257024012,480.18338731106513,0.45437542831066086,2
84.38640391845067,0.1414844360426776,1.2439793988218193,6.519767752640668,803.4598192797669,22.294046367071996,0.38446974253648175,1
730.9068686415674,-0.033260013792028115,0.8650024425089862,154.3263280533092,630.3962755419386,71.53097636170119,0.38977415584626113,2
500.5364030441365,-0.05969924312143768,1.4538493853586048,182.59960504233138,391.88670005037375,7.00725876302849,0.012245735631772392,2
691.5183724634587,0.2639696534868826,0.17233621032114554,-26.15976968174911,736.8698624016998,283.4292166470473,0.10061352795509176,0
440.47906521770875,0.14823057617764987,0.8067138376263393,62.51465985655632,660.1508460597498,466.1334419604861,0.12949416312115614,1
253.93801290671576,0.11842535130758977,1.1058355262515702,34.36356974105725,738.750353608425,332.9735830402321,-0.08983989165506273,2
820.9112944974577,0.26475411432619833,1.3076966596088506,167.67211386435983,761.8479737142522,411.32873424021363,-0.1782523088288806,0
801.4217201792894,0.2827564494955549,0.35095785667090607,-29.118771329995308,885.2462206108471,6.640601729290041,0.46283202962236175,0
697.7495061458825,-0.020545916165323225,1.220004874469154,2.7814856395093486,644.137968016026,271.00764923986304,-0.0315011900355453,2
279.4236858576631,0.20511257473882064,0.8737899060059633,138.1170843966236,504.9846676143611,229.78148875276094,-0.03203576739345809,2
594.3283602003962,-0.03232295886115724,0.6551751547859485,-37.176537754696106,689.0787341401423,249.48397211039654,-0.14163466236186834,2
367.36415797062654,0.2756875430145228,0.28440104001073097,73.13384517857232,341.06442554557566,36.10659266759397,0.44995542636064495,1
100.66625259336782,0.22847757813356975,1.3114140624724775,60.526758669930004,838.4383909929518,342.2176805346537,0.20581598045784033,0
918.1404397076203,0.37830731054172895,0.3201824914516015,33.600294747187164,371.62860680291806,251.61020742931723,0.2669257999877477,1
145.45044460977178,-0.06552099182178941,0.5337030028927389,48.64307882973094,496.705702731491,382.574424930632,0.43810382108413676,2
950.7349802825944,-0.07147263942437285,0.5060637447474116,82.48514673255823,789.4472283756725,242.64531703085768,0.041934118230552625,1
451.5457152283762,0.04109353734660007,1.319979647867196,-9.658160402904223,658.3874269984271,74.69081811321604,0.23505511779665883,2
